type,attribute,gold,predicted,length_group,category,text,plausible_unlabeled
false_alarm,SLEEVE_STYLE,,Sleeveless [SLEEVE_STYLE],short,Dresses,Sleeveless round neck dress with toggle closure hardware detail,True
missed,LENGTH,below - knee,,long,Dresses,"Beautiful BLACK & WHITE/RED FLORAL PRINT DRESS features sleeveless GATHERED BODICE with square neckline and SHIRRED SHOULDER STRAPS plus BLACK/WHITE-DOTTED INSET with RED GROSGRAIN RIBBON & BOW TRIM at the EMPIRE WAIST. Fully lined, below-knee-length BLACK WOVEN SKIRT features WHITE FLORAL PRINT with back zip closure and BLACK/WHITE-DOTTED BOW TIE SASH IN BACK for perfect fit. Machine washable. Imported (El Salvador). Of 100% cotton - Lining of polyester/cotton - Exclusive of trim/decoration. Matching/Coordinating sister styles available in sizes 7-20.5, search for style(s): BNJ-2329. More baby & girl party dresses available, search for: "" bnj-girl-party-dress """,
false_alarm,SLEEVE_STYLE,,sleeveless [SLEEVE_STYLE],long,Dresses,"Beautiful BLACK & WHITE/RED FLORAL PRINT DRESS features sleeveless GATHERED BODICE with square neckline and SHIRRED SHOULDER STRAPS plus BLACK/WHITE-DOTTED INSET with RED GROSGRAIN RIBBON & BOW TRIM at the EMPIRE WAIST. Fully lined, below-knee-length BLACK WOVEN SKIRT features WHITE FLORAL PRINT with back zip closure and BLACK/WHITE-DOTTED BOW TIE SASH IN BACK for perfect fit. Machine washable. Imported (El Salvador). Of 100% cotton - Lining of polyester/cotton - Exclusive of trim/decoration. Matching/Coordinating sister styles available in sizes 7-20.5, search for style(s): BNJ-2329. More baby & girl party dresses available, search for: "" bnj-girl-party-dress """,True
false_alarm,PATTERN,,FLORAL [PATTERN],long,Dresses,"Beautiful BLACK & WHITE/RED FLORAL PRINT DRESS features sleeveless GATHERED BODICE with square neckline and SHIRRED SHOULDER STRAPS plus BLACK/WHITE-DOTTED INSET with RED GROSGRAIN RIBBON & BOW TRIM at the EMPIRE WAIST. Fully lined, below-knee-length BLACK WOVEN SKIRT features WHITE FLORAL PRINT with back zip closure and BLACK/WHITE-DOTTED BOW TIE SASH IN BACK for perfect fit. Machine washable. Imported (El Salvador). Of 100% cotton - Lining of polyester/cotton - Exclusive of trim/decoration. Matching/Coordinating sister styles available in sizes 7-20.5, search for style(s): BNJ-2329. More baby & girl party dresses available, search for: "" bnj-girl-party-dress """,True
missed,LENGTH,train,,long,Wedding & Bridal Party Dresses,"Material:Satin,Neckline:Off The Shoulder,Sleeve:Caps,Dress Length:Court train,Back:Lace Up",
boundary_error,LENGTH,maxi dress,maxi [LENGTH],short,Dresses,Santiki maxi dress with adjustable spaghetti straps and a v-neck,
false_alarm,SLEEVE_STYLE,,straps [SLEEVE_STYLE],short,Dresses,Santiki maxi dress with adjustable spaghetti straps and a v-neck,False
false_alarm,NECKLINE,,- neck [NECKLINE],short,Dresses,Santiki maxi dress with adjustable spaghetti straps and a v-neck,False
false_alarm,PATTERN,,Camo [PATTERN],long,Shirts & Tops,101774 Carhartt Men's Workwear Graphic Camo Applique Long Sleeve T-Shirt A long sleeve shirt with a camo Carhartt logo.,True
false_alarm,PATTERN,,camo [PATTERN],long,Shirts & Tops,101774 Carhartt Men's Workwear Graphic Camo Applique Long Sleeve T-Shirt A long sleeve shirt with a camo Carhartt logo.,True
boundary_error,LENGTH,maxi dress,maxi [LENGTH],long,Dresses,"A wardrobe staple, this short sleeved maxi dress features a cross back with cutout, and contrasting stripes to flatter your shape.",
missed,PATTERN,stripes,,long,Dresses,"A wardrobe staple, this short sleeved maxi dress features a cross back with cutout, and contrasting stripes to flatter your shape.",
false_alarm,SLEEVE_STYLE,,short sleeved [SLEEVE_STYLE],long,Dresses,"A wardrobe staple, this short sleeved maxi dress features a cross back with cutout, and contrasting stripes to flatter your shape.",True
false_alarm,SLEEVE_STYLE,,tank top [SLEEVE_STYLE],long,Shirts & Tops,"This officially licensed Batman tank top features a distressed Batman logo printed on a soft, breathable 100% cotton tank top.",True
missed,LENGTH,below knee,,long,Dresses,"Furthermore, the kaftan / caftan style offers a trend-right detail that looks equally good with sporty kicks as it does with a polished pair of heels. As it also has an upside down a-line (a line) style, this solid, below knee travel dress can be thrown on as a comfortable, mid length home dress.",
boundary_error,LENGTH,mid length,length [LENGTH],long,Dresses,"Furthermore, the kaftan / caftan style offers a trend-right detail that looks equally good with sporty kicks as it does with a polished pair of heels. As it also has an upside down a-line (a line) style, this solid, below knee travel dress can be thrown on as a comfortable, mid length home dress.",
boundary_error,LENGTH,capri,capri pant [LENGTH],long,Pants,"FIT & FUNCTIONAL: There is nothing like hanging out at the gym and exercising in this new fitness yoga capri pant. Perfect for yoga, running, crosstraining activities, rockclimbing, sunny days and other sports.",
false_alarm,SLEEVE_STYLE,,long sleeve [SLEEVE_STYLE],long,Shirts & Tops,"Our Shello versatile and comfortable button-down shirt is great for casual, formal, wedding, business wear and other special occasion. This set comes 2 pieces with different colors. It features a peaked collar and buttoned cuffs, long sleeve, complete with button end closure, making you more fashionable and handsome. High quality workmanship and premium material ensures longevity and elegance. It is a must have for your closet collection. Material: 100% Cotton; 2 pieces Machine Washable / Do not bleach / Low iron if necessary If you are size M that want to wear slim fit then please pick up same size, if you want to wear regular as normal size please pick up one size bigger from us Below is our size chart for your reference:(Inches) US Small (14)- Collar 15"", Chest 42"", Shoulder 17.5"", Length 31"", Sleeve 33"", Waist 39"", Bottom 41"" US Medium(15-15.5)-Collar 16"", Chest 45"", Shoulder 18.5"", Length 31.75"", Sleeve 33"", Waist 42"", Bottom 44"" US Large(16-16.5) - Collar 17"", Chest 48"", Shoulder 19.5"", Length 32"", Sleeve 35.5"", Waist 45"", Bottom 47"" US XLarge(17-17.5) - Collar 18"", Chest 51"", Shoulder 20.5"", Length 33.25"", Sleeve 35.5"", Waist 48"", Bottom 50"" Please allow slight deviation for the measurement data.",True
false_alarm,NECKLINE,,Mock - [NECKLINE],long,Dresses,Mock-neck dress in largescale floral and striped patterning featuring long sleeves with solid back panels,False
false_alarm,PATTERN,,floral [PATTERN],long,Dresses,Mock-neck dress in largescale floral and striped patterning featuring long sleeves with solid back panels,True
missed,LENGTH,Knee Length,,long,Wedding & Bridal Party Dresses,"Pleated Crew Neckline Knee Length Chiffon Flower Girl Dress Special Occasion Girl's Dress for Spring Summer Fall Parties, Birthdays, Dances, Flowergirl. Removable pinned flower. Fully Lined with a zipper. Available Girl's Sizes 2-12. Above-the-Knee Length Dress. 100% Polyester. Dry Clean or Hand Wash Only. Made in USA.",
false_alarm,NECKLINE,,Crew Neckline [NECKLINE],long,Wedding & Bridal Party Dresses,"Pleated Crew Neckline Knee Length Chiffon Flower Girl Dress Special Occasion Girl's Dress for Spring Summer Fall Parties, Birthdays, Dances, Flowergirl. Removable pinned flower. Fully Lined with a zipper. Available Girl's Sizes 2-12. Above-the-Knee Length Dress. 100% Polyester. Dry Clean or Hand Wash Only. Made in USA.",True
false_alarm,PATTERN,,flower [PATTERN],long,Wedding & Bridal Party Dresses,"Pleated Crew Neckline Knee Length Chiffon Flower Girl Dress Special Occasion Girl's Dress for Spring Summer Fall Parties, Birthdays, Dances, Flowergirl. Removable pinned flower. Fully Lined with a zipper. Available Girl's Sizes 2-12. Above-the-Knee Length Dress. 100% Polyester. Dry Clean or Hand Wash Only. Made in USA.",True
false_alarm,LENGTH,,Knee [LENGTH],long,Wedding & Bridal Party Dresses,"Pleated Crew Neckline Knee Length Chiffon Flower Girl Dress Special Occasion Girl's Dress for Spring Summer Fall Parties, Birthdays, Dances, Flowergirl. Removable pinned flower. Fully Lined with a zipper. Available Girl's Sizes 2-12. Above-the-Knee Length Dress. 100% Polyester. Dry Clean or Hand Wash Only. Made in USA.",True
boundary_error,NECKLINE,Scoop Neck,Neckline : Scoop Neck [NECKLINE],short,Shirts & Tops,Neckline:Scoop Neck,
boundary_error,LENGTH,"13 "" long",long [LENGTH],long,Skirts,"X-SMALL - Waistband measures 28 around when fully closed. Skirt is 13"" long from top of waistband to bottom of hem.",
missed,LENGTH,short,,short,Skirts,Desigual women's spring summer woman knitted skirt short comfortable fit,
false_alarm,NECKLINE,,V - Neck [NECKLINE],long,Wedding & Bridal Party Dresses,Wedtrend Women's Sleeveless Double V-Neck Wedding Dress Lace Prom Dress With Train,True
false_alarm,NECKLINE,,V - [NECKLINE],long,Shirts & Tops,"The best 21st birthday gift is a funny 21st birthday gift. The perfect birthday gift for women turning that milestone age of 21. This super snug V-neck tee is for a shorter and trimmer fit; better known as the Junior line. This top-quality, 100% cotton Ladies Juniors V-Neck is printed direct-to-garment with new age technology that preserves the color-fastness of the design. This unique Ladies Juniors V-Neck is designed and printed in the United States with eco-friendly ink, so it is safe for you and the environment. This durable, comfortable Ladies Juniors V-Neck is sure to be a hit, whether youre buying it as a gift for somebody special or wearing it yourself.",False
false_alarm,NECKLINE,,V - [NECKLINE],long,Shirts & Tops,"The best 21st birthday gift is a funny 21st birthday gift. The perfect birthday gift for women turning that milestone age of 21. This super snug V-neck tee is for a shorter and trimmer fit; better known as the Junior line. This top-quality, 100% cotton Ladies Juniors V-Neck is printed direct-to-garment with new age technology that preserves the color-fastness of the design. This unique Ladies Juniors V-Neck is designed and printed in the United States with eco-friendly ink, so it is safe for you and the environment. This durable, comfortable Ladies Juniors V-Neck is sure to be a hit, whether youre buying it as a gift for somebody special or wearing it yourself.",False
false_alarm,LENGTH,,Long Dress [LENGTH],short,Dresses,ROSEMANDY Bohemian Style Flower Printed Short-sleeved Chiffon Long Dress,True
missed,LENGTH,knees,,short,Skirts,Hits just below the knees,
missed,PATTERN,Striped,,long,Shirts & Tops,"U.S. Polo Assn. Big Boys' Yarn Dyed Striped Polo, Black, 10/12",
false_alarm,NECKLINE,,Polo [NECKLINE],long,Shirts & Tops,"U.S. Polo Assn. Big Boys' Yarn Dyed Striped Polo, Black, 10/12",True
missed,LENGTH,Knee length,,long,Wedding & Bridal Party Dresses,"Full lined. Zip back. Hand wash. Knee length. Made in China. Following size means age ranges for girls, they are for general guidance only. For most accurate fit, we recommend checking detailed measurement before purchase.",
boundary_error,NECKLINE,Pique Polo,Polo [NECKLINE],short,Shirts & Tops,IZOD Big Boys' Striped Pique Polo 1,
false_alarm,SLEEVE_STYLE,,3 / 4 sleeves [SLEEVE_STYLE],long,Coats & Jackets,Calvin Klein jacket features a stretch ponte knit lightweight fabric in a leopard animal print deisgn. Ruffle open front 3/4 sleeves in a generous longer length,True
missed,LENGTH,knee length,,long,Skirts,"One of our most popular women's knee length denim skirt! Made with a light and soft stretch denim fabric 75% Cotton/20% Polyester/5% Spandex. It is a regular fit at the waist and hips, then flares out. Classic front closure with button and zipper. No pockets for a smooth silhouette. No slits. Covers the knees for most women. See our custom size chart next to the photo. Imported. Machine Wash.",
false_alarm,PATTERN,,Floral [PATTERN],long,Dresses,"Feature: Floral Printed or Polka Dots, Adjustable Halter, Sleeveless, Retro",True
missed,NECKLINE,strapless,,long,Dresses,"A Grecian inspired chiffon dress featuring an elastic waist, a strapless design, a mini underlay with a sheer high low hem.",
false_alarm,SLEEVE_STYLE,,Sleeveless [SLEEVE_STYLE],long,Dresses,"Girls Sleeveless Pastel Skater Dress, Elasticated Waistband With Belt, Sleeveless, 95% Viscose 5% Elastane, Machine Washable, Crew Neck, Available In Ages 2-3, 3-4, 4-5, 5-6, 7-8, 9-10, 11-12 And 13 Years, ,",True
false_alarm,NECKLINE,,v - neck [NECKLINE],long,Dresses,"A sexy little number for heartbreakers everywhere. Leatherette mini dress with mesh insert details and edgy v-neck studding to lure them in. We’re thinking black shoes, black clutch, and moody jewelry.",True
missed,PATTERN,plaid,,long,Shirts & Tops,Can't have too many of these in your closet. Choose from a range of plaid colors and you'll enjoy the wrinkle resist finish for easy wear and care. A great look with khakis at the end of a long day out on the trail.,
false_alarm,LENGTH,,Shirt [LENGTH],long,Dresses,uruoi Women's Bird Pattern Short Sleeve Chiffon Top T-Shirt Dress,False
boundary_error,NECKLINE,Deep V,V [NECKLINE],short,Dresses,2LUV Women's Deep V Hi Lo Dress,
wrong_label,LENGTH,Short - Sleeve Scoop Neck Dress,Short - Sleeve [SLEEVE_STYLE],short,Dresses,Jones New York Women's Short-Sleeve Scoop Neck Dress,
false_alarm,NECKLINE,,button down [NECKLINE],long,Shirts & Tops,"The classic, ribbed crew neck t-shirt gets a timeless addition thanks to Levi's iconic batwing logo. Screen-printed on the front of this t-shirt in soft hand ink, it's a versatile look that works for any occasion, whether he's outside playing with friends or wearing it underneath a button down shirt for more formal affairs.",True
boundary_error,SLEEVE_STYLE,Short - Sleeve,Short [SLEEVE_STYLE],short,Shirts & Tops,IZOD Men's Short-Sleeve Chest Piecing Golf Polo Shirt,
missed,NECKLINE,Polo,,long,Shirts & Tops,"French Toast - Girls Long Sleeve Interlock Polo, Red, Our most popular polo has a new fit! Check here to view the changes! Classically styled with a sleek 3-button placket, our comfortable polo gets a feminine twist with picot trim at the collar, Ribbed cuffs, Cotton/polyester blend, Imported, Machine wash, #33659 33-659",
missed,NECKLINE,polo,,long,Shirts & Tops,"French Toast - Girls Long Sleeve Interlock Polo, Red, Our most popular polo has a new fit! Check here to view the changes! Classically styled with a sleek 3-button placket, our comfortable polo gets a feminine twist with picot trim at the collar, Ribbed cuffs, Cotton/polyester blend, Imported, Machine wash, #33659 33-659",
false_alarm,NECKLINE,,polo [NECKLINE],long,Shirts & Tops,"French Toast - Girls Long Sleeve Interlock Polo, Red, Our most popular polo has a new fit! Check here to view the changes! Classically styled with a sleek 3-button placket, our comfortable polo gets a feminine twist with picot trim at the collar, Ribbed cuffs, Cotton/polyester blend, Imported, Machine wash, #33659 33-659",True
missed,PATTERN,Stripe Chiffon Dress,,short,Dresses,Nautica Girls' Stripe Chiffon Dress with Keyhole Back,
boundary_error,LENGTH,maxi,maxi dress [LENGTH],short,Dresses,Printed camou burnout tropical palms sleeveless tank maxi dress,
false_alarm,NECKLINE,,Round neckline [NECKLINE],long,Dresses,"Hidden back zip with keyhole and button closure at top. Round neckline with ladylike pleating throughout. Sleeveless design. Thin buckle belt at natural waist. Straight hemline on the above-the-knee skirt. 76% polyester, 20% rayon, 4% spandex. Machine wash cold, dry flat.",True
boundary_error,PATTERN,plaid pattern,plaid [PATTERN],long,Coats & Jackets,This haggar suit separate 2-button center vent coat comes in a great looking charcoal grid plaid pattern,
false_alarm,SLEEVE_STYLE,,Tank Top [SLEEVE_STYLE],long,Shirts & Tops,"COMFORT - This Modal Cap Sleeve Tank Top for Women is composed of 95% Modal, 5% Spandex and is resistant to shrinkage and fading.",True
false_alarm,SLEEVE_STYLE,,button [SLEEVE_STYLE],short,Shirts & Tops,Long sleeves with button cuffs and contrast lining,False
false_alarm,SLEEVE_STYLE,,3 / [SLEEVE_STYLE],long,Dresses,Yudear Women's Bateau 3/4 Long Sleeves Mermaid Buttons Evening Celebrity Gowns,False
false_alarm,LENGTH,,Gowns [LENGTH],long,Dresses,Yudear Women's Bateau 3/4 Long Sleeves Mermaid Buttons Evening Celebrity Gowns,True
boundary_error,NECKLINE,V neckline,V [NECKLINE],long,Shirts & Tops,"Slubbed linen jersey brings a cool, airy feel to this V neck tee from Splendid. Thin banding trims the V neckline, and a split hem finishes the casual piece. Short sleeves. Semi-sheer.",
false_alarm,SLEEVE_STYLE,,tank [SLEEVE_STYLE],long,Shirts & Tops,"The New Balance Achieve Reversible Tank packs a double punch. Double knit fabric and a racerback style blends comfort and performance. Add to that moisture-wicking NB DRY and odor-reducing NB FRESH technologies to help keep you cool and comfortable. Plus, one side a solid color and the other an eye-catching print, so when you flip this tank inside out you'll have two knockout looks.",True
boundary_error,LENGTH,T - Shirt Dress,Shirt [LENGTH],short,Dresses,Calvin Klein Women's Printed T-Shirt Dress,
false_alarm,PATTERN,,Striped [PATTERN],long,Shirts & Tops,Allegra K Women's Round Neck Long Sleeve Color Block Striped Tops T Shirts,True
false_alarm,NECKLINE,,V - Neck [NECKLINE],long,Shirts & Tops,"Take comfort to the next level with this luxuriously soft V-Neck T-Shirt. Crafted of 100% cotton, this V-Neck provides you with a comfortable and casual tee that you can wear everywhere. Pair with jeans and sandals for the ultimate laid back look or wear as an undershirt for all day comfort. Multiple sizes available.",True
missed,NECKLINE,collar,,long,Dresses,"Made from a light weight poly-blend print shirt collar half sleeve waisted maxi dress regular fit color:multi dresses length:maxi material:polyester neckline:shirt collar shop looks:casual sleeve length:half sleeve our size is asia size, not us/uk size. s:bust:84cm,waist:66cm,length:153cm m:bust:88cm,waist:70cm,length:153cm l:bust:92cm,waist:74cm,length:153cm xl:bust:96cm,waist:78cm,length:153cm non-stretchable material polyester hand wash cold. the latest street fashion online store choies . Our mission is to bring heart to commerce and become the better origin of fashion inspiration. Our goal is to inspire and be inspired by cool girls all over the world.",
boundary_error,LENGTH,maxi,maxi dress [LENGTH],long,Dresses,"Made from a light weight poly-blend print shirt collar half sleeve waisted maxi dress regular fit color:multi dresses length:maxi material:polyester neckline:shirt collar shop looks:casual sleeve length:half sleeve our size is asia size, not us/uk size. s:bust:84cm,waist:66cm,length:153cm m:bust:88cm,waist:70cm,length:153cm l:bust:92cm,waist:74cm,length:153cm xl:bust:96cm,waist:78cm,length:153cm non-stretchable material polyester hand wash cold. the latest street fashion online store choies . Our mission is to bring heart to commerce and become the better origin of fashion inspiration. Our goal is to inspire and be inspired by cool girls all over the world.",
false_alarm,LENGTH,,maxi [LENGTH],long,Dresses,"Made from a light weight poly-blend print shirt collar half sleeve waisted maxi dress regular fit color:multi dresses length:maxi material:polyester neckline:shirt collar shop looks:casual sleeve length:half sleeve our size is asia size, not us/uk size. s:bust:84cm,waist:66cm,length:153cm m:bust:88cm,waist:70cm,length:153cm l:bust:92cm,waist:74cm,length:153cm xl:bust:96cm,waist:78cm,length:153cm non-stretchable material polyester hand wash cold. the latest street fashion online store choies . Our mission is to bring heart to commerce and become the better origin of fashion inspiration. Our goal is to inspire and be inspired by cool girls all over the world.",True
false_alarm,NECKLINE,,neckline : [NECKLINE],long,Dresses,"Made from a light weight poly-blend print shirt collar half sleeve waisted maxi dress regular fit color:multi dresses length:maxi material:polyester neckline:shirt collar shop looks:casual sleeve length:half sleeve our size is asia size, not us/uk size. s:bust:84cm,waist:66cm,length:153cm m:bust:88cm,waist:70cm,length:153cm l:bust:92cm,waist:74cm,length:153cm xl:bust:96cm,waist:78cm,length:153cm non-stretchable material polyester hand wash cold. the latest street fashion online store choies . Our mission is to bring heart to commerce and become the better origin of fashion inspiration. Our goal is to inspire and be inspired by cool girls all over the world.",False
false_alarm,SLEEVE_STYLE,,half sleeve [SLEEVE_STYLE],long,Dresses,"Made from a light weight poly-blend print shirt collar half sleeve waisted maxi dress regular fit color:multi dresses length:maxi material:polyester neckline:shirt collar shop looks:casual sleeve length:half sleeve our size is asia size, not us/uk size. s:bust:84cm,waist:66cm,length:153cm m:bust:88cm,waist:70cm,length:153cm l:bust:92cm,waist:74cm,length:153cm xl:bust:96cm,waist:78cm,length:153cm non-stretchable material polyester hand wash cold. the latest street fashion online store choies . Our mission is to bring heart to commerce and become the better origin of fashion inspiration. Our goal is to inspire and be inspired by cool girls all over the world.",True
boundary_error,NECKLINE,polo shirt,polo [NECKLINE],long,Shirts & Tops,"The Wrangler authentic short sleeve polo shirt is a classic in style and a must have for every boys' closet. The solid colors are perfect for school and the stripes are fun paired with Wrangler authentic jeans. Black, white, navy, and turf/navy stripe are 100 percent cotton and the charcoal/red stripe is 77 percent cotton/23 percent polyester.",
missed,PATTERN,Flower,,short,Dresses,Flower and ruffle detail,
missed,PATTERN,Stripe,,short,Dresses,"Style: Sexy, Casual, Pattern Type: Stripe",
false_alarm,NECKLINE,,scoop - [NECKLINE],short,Dresses,Reversible scoop-neck tank dress with different pattern on each side,False
false_alarm,SLEEVE_STYLE,,tank [SLEEVE_STYLE],long,Shirts & Tops,"The tank featuring red rose and number 23 pattern. Round neckline. Sleeveless. Mesh accent. XS:Length:27.95"",Bust:37.01"",Waists:35.43""S:Length:29.13"",Bust:37.8"",Waists:36.22""M:Length:30.31"",Bust:39.37"",Waists:37.8""L:Length:31.5"",Bust:40.94"",Waists:39.37""--AG60660 Latest High Street Fashion Online | Agatha Garcia. The popularity of Agatha Garcia has already swept through the fashion industry as this commonly known brand was only founded in the year 2011. With unquestionably numerous competitors fighting in the same cage, it now stands as one of the most acclaimed online stores for women's clothing & makeup. Agatha Garcia provides the frontier fashion trends with some of the lowest prices in the entire industry, committed to uplift the spirit and soul of every woman on the planet by making them look good as well as saving their money at the same time. Agatha Garcia works with some of the finest suppliers, striving for excellent quality and reasonable prices for fashion lovers around the globe. Agatha Garciaers: They pursue fashion, lead fashion, make fashion, and deliver fashion. They would love to deliver some love to you as well.",True
false_alarm,PATTERN,,floral [PATTERN],short,Skirts,All over floral pattern lace maxi skirt,True
false_alarm,NECKLINE,,v [NECKLINE],long,Dresses,"Maxi dresses are trending for the warmer seasons, and this dress is no exception! Features a floral print, v neckline, full length maxi style, defined cinched waist, and tie detailing on the shoulder straps. Pair with wedges and your favorite sunglasses for the perfect summer look! Wear for beach days, pool parties, movie nights, shopping trips, cruises, lounging around, running errands, and more!",False
false_alarm,NECKLINE,,polo [NECKLINE],long,Shirts & Tops,Tommy Hilfiger Mens Pique Polos feature: Solid polo is lightweight 100% cotton pique Rib knit collar with fully taped neck system Three button placket Inside placket with embroidered TH flag logo Short sleeves are banded Longer back hem with taped vented sides,True
false_alarm,NECKLINE,,neck [NECKLINE],long,Shirts & Tops,Tommy Hilfiger Mens Pique Polos feature: Solid polo is lightweight 100% cotton pique Rib knit collar with fully taped neck system Three button placket Inside placket with embroidered TH flag logo Short sleeves are banded Longer back hem with taped vented sides,True
missed,PATTERN,Stripe,,short,Shirts & Tops,Modern Culture Men's Franco Yarn Dye Stripe Woven,
boundary_error,SLEEVE_STYLE,short - sleeve,short [SLEEVE_STYLE],long,Shirts & Tops,Lightweight short-sleeve polo featuring patterned yoke with quarter-zip placket and croc applique at chest,
false_alarm,SLEEVE_STYLE,,Sleeveless [SLEEVE_STYLE],long,Dresses,Alice & Elmer Women's Rayon Sleeveless High-Necked Cut Out Midi Bandage Dress,True
missed,LENGTH,Knee length,,long,Wedding & Bridal Party Dresses,".Stunning Icicle Glitter Overlay Mesh Dress. .Irremovable tie back sash. .Knee length. .Fully lined. .Zipper back closure. .Made in U.S.A. .Available in Black, Red, Peacock.",
missed,SLEEVE_STYLE,tank,,long,Shirts & Tops,"An essential layering piece for this season and next arrives in this easy tank. It's crafted in signature Vince. Super soft luxe touch fabric with tiny ribbing that gives it incredible comfort, flattering drape and perfect stretch. A higher neckline and lower armholes give it on-trend borrowed-from-the-boys appeal, while the relaxed, slight A-line body offers a touch of feminine polish.",
false_alarm,NECKLINE,,Polo [NECKLINE],long,Shirts & Tops,"Dickies Kid's Long Sleeve Pique Polo Shirt, Size 18-20 X-Large, Yellow",True
missed,NECKLINE,strapless,,long,Dresses,"A sensational short dress for junior prom, semi formals, or homecoming featuring a strapless sweetheart bodice accented with shirring and sparkling sequins and beads. Layers of wired edged organza ruffles create a flirty short skirt.",
false_alarm,LENGTH,,short [LENGTH],long,Dresses,"A sensational short dress for junior prom, semi formals, or homecoming featuring a strapless sweetheart bodice accented with shirring and sparkling sequins and beads. Layers of wired edged organza ruffles create a flirty short skirt.",True
false_alarm,NECKLINE,,high neckline [NECKLINE],short,Shirts & Tops,Cute soft halter tank with high neckline in super soft cotton blend,True
false_alarm,SLEEVE_STYLE,,tank [SLEEVE_STYLE],long,Shirts & Tops,"This unisex graphic tank top has larger cut arm holes and is not a tight fitted tank. This tank has a larger cut adult spec and it DOES NOT have tapered sized or side size seams. This type of shirt is for a better a loose adult fit. Please review sizes before you buy, we want you to be satisfied with your purchase!",True
boundary_error,PATTERN,camo print,camo [PATTERN],long,Coats & Jackets,"This heavy weight camo print jacket is nordic fleece lined for extra comfort and warmth. it is also water and wind resistant. Color popped contrast piping, pocket tabs and fleece lining add extra fashion.",
false_alarm,NECKLINE,,Crew Neck [NECKLINE],short,Shirts & Tops,Crew Neck Short Sleeve Men's Women's Youth,True
missed,LENGTH,Short /,,long,Dresses,Short/cap sleeve dress Two tone colorblock Scoopneck Seam detail for shape Semi flowy skirt Belt loops ***Missing the belt***,
boundary_error,SLEEVE_STYLE,cap sleeve,sleeve [SLEEVE_STYLE],long,Dresses,Short/cap sleeve dress Two tone colorblock Scoopneck Seam detail for shape Semi flowy skirt Belt loops ***Missing the belt***,
missed,LENGTH,dress,,long,Dresses,Short/cap sleeve dress Two tone colorblock Scoopneck Seam detail for shape Semi flowy skirt Belt loops ***Missing the belt***,
missed,PATTERN,plaid,,long,Dresses,"To see more similar products, please click the brand name QZUnique or browse in our store Global Best Discount . Item Specifics : *Material: Polyester and Woolen *Occasion: Casual or Party *Care Instruction: Hand wash inside out gently, wash separately in cold water *Women's autumn knitted sweater dress features round neck, long sleeves with plaid cuff, drop waist stitched with plaid ruffled hem, loose and casual style; Elegant new arrivel autumn dress, multiple sizes available, fashion and stylish design, suitable for multiple occasions Size Type : US Size Please refer to the size information below before ordering, or you can contact us directly if you have any questions concerning the size choice: Bust(inches) --US S:40.2"", US M:42.1"", US L:44.1"", US XL:46.1"", US 2XL:48.0"" Sleeve Length(inches) --US S:22.8"", US M:23.0"", US L:23.2"", US XL:23.4"", US 2XL:23.6"" Shoulder Width(inches) --US S:15.4"", US M:15.7"", US L:16.1"", US XL:16.5"", US 2XL:16.9"" Dress Length(inches) --US S:31.5"", US M:32.1"", US L:32.7"", US XL:33.3"", US 2XL:33.9"" Suggested Weight(kg) --US S:50-60kg, US M:60-73kg, US L:70-83kg , US XL:80-90kg, US 2XL:87-105kg Return Policy : Free exchange for wrong item shipped or item damaged. For DO NOT LIKE STYLE/COLOR reason or size problem, customer's responsibility to return the items to our facility in CA, US. Notes : Due to manual measurement, it allows 1-2(cm) discrepancy. Please be reminded that due to lighting effects and monitor's brightness/contrast settings etc., the color tone of the website's photo and the actual item could be slightly different. Thanks for your understanding!",
false_alarm,SLEEVE_STYLE,,long sleeves [SLEEVE_STYLE],long,Dresses,"To see more similar products, please click the brand name QZUnique or browse in our store Global Best Discount . Item Specifics : *Material: Polyester and Woolen *Occasion: Casual or Party *Care Instruction: Hand wash inside out gently, wash separately in cold water *Women's autumn knitted sweater dress features round neck, long sleeves with plaid cuff, drop waist stitched with plaid ruffled hem, loose and casual style; Elegant new arrivel autumn dress, multiple sizes available, fashion and stylish design, suitable for multiple occasions Size Type : US Size Please refer to the size information below before ordering, or you can contact us directly if you have any questions concerning the size choice: Bust(inches) --US S:40.2"", US M:42.1"", US L:44.1"", US XL:46.1"", US 2XL:48.0"" Sleeve Length(inches) --US S:22.8"", US M:23.0"", US L:23.2"", US XL:23.4"", US 2XL:23.6"" Shoulder Width(inches) --US S:15.4"", US M:15.7"", US L:16.1"", US XL:16.5"", US 2XL:16.9"" Dress Length(inches) --US S:31.5"", US M:32.1"", US L:32.7"", US XL:33.3"", US 2XL:33.9"" Suggested Weight(kg) --US S:50-60kg, US M:60-73kg, US L:70-83kg , US XL:80-90kg, US 2XL:87-105kg Return Policy : Free exchange for wrong item shipped or item damaged. For DO NOT LIKE STYLE/COLOR reason or size problem, customer's responsibility to return the items to our facility in CA, US. Notes : Due to manual measurement, it allows 1-2(cm) discrepancy. Please be reminded that due to lighting effects and monitor's brightness/contrast settings etc., the color tone of the website's photo and the actual item could be slightly different. Thanks for your understanding!",True
false_alarm,PATTERN,,plaid [PATTERN],long,Dresses,"To see more similar products, please click the brand name QZUnique or browse in our store Global Best Discount . Item Specifics : *Material: Polyester and Woolen *Occasion: Casual or Party *Care Instruction: Hand wash inside out gently, wash separately in cold water *Women's autumn knitted sweater dress features round neck, long sleeves with plaid cuff, drop waist stitched with plaid ruffled hem, loose and casual style; Elegant new arrivel autumn dress, multiple sizes available, fashion and stylish design, suitable for multiple occasions Size Type : US Size Please refer to the size information below before ordering, or you can contact us directly if you have any questions concerning the size choice: Bust(inches) --US S:40.2"", US M:42.1"", US L:44.1"", US XL:46.1"", US 2XL:48.0"" Sleeve Length(inches) --US S:22.8"", US M:23.0"", US L:23.2"", US XL:23.4"", US 2XL:23.6"" Shoulder Width(inches) --US S:15.4"", US M:15.7"", US L:16.1"", US XL:16.5"", US 2XL:16.9"" Dress Length(inches) --US S:31.5"", US M:32.1"", US L:32.7"", US XL:33.3"", US 2XL:33.9"" Suggested Weight(kg) --US S:50-60kg, US M:60-73kg, US L:70-83kg , US XL:80-90kg, US 2XL:87-105kg Return Policy : Free exchange for wrong item shipped or item damaged. For DO NOT LIKE STYLE/COLOR reason or size problem, customer's responsibility to return the items to our facility in CA, US. Notes : Due to manual measurement, it allows 1-2(cm) discrepancy. Please be reminded that due to lighting effects and monitor's brightness/contrast settings etc., the color tone of the website's photo and the actual item could be slightly different. Thanks for your understanding!",True
missed,NECKLINE,Deep V,,short,Dresses,Sexy Womens Deep V Slit Long Sleeves Slim Night Club High Low Dress,
false_alarm,NECKLINE,,- neck [NECKLINE],long,Dresses,Women Summer Beach Sundress Boho Halter V -neck Backless Hollow Maxi Long Dress,False
boundary_error,LENGTH,Short Party Dress,Short Party [LENGTH],short,Dresses,Ever Pretty Womens One Shoulder Short Party Dress 4 US Purple,
false_alarm,NECKLINE,,Neckline : Round Neck [NECKLINE],long,Dresses,Fabric: Fabric is very stretchy Season: Fall Pattern Type: Plain Sleeve Length: Long Sleeve Color: Black Dresses Length: Short Style: Basic Neckline: Round Neck Silhouette: Shift,False
false_alarm,NECKLINE,,polo [NECKLINE],long,Shirts & Tops,This essential polo adds a modern twist to a classic uniform staple! Adorable ruched sleeves and floral buttons add a feminine flair to this uniform polo.,True
false_alarm,NECKLINE,,- neck [NECKLINE],long,Shirts & Tops,"Designed with a soft textured technical fabric. Ruching on shoulders, zip placket and lower arms make this a clean, classic polo/mock-neck with a feminine twist. Locking zipper for functionality.",False
false_alarm,NECKLINE,,V - Neck [NECKLINE],long,Wedding & Bridal Party Dresses,Meier Women's Sleeveless V-Neck Short Lace Mother of Bride Dress,True
missed,PATTERN,floral,,long,Baby & Toddler Dresses,Flutter-sleeve dress featuring floral embroideries at bodice and full skirt with lace overlay,
false_alarm,SLEEVE_STYLE,,Flutter [SLEEVE_STYLE],long,Baby & Toddler Dresses,Flutter-sleeve dress featuring floral embroideries at bodice and full skirt with lace overlay,False
false_alarm,SLEEVE_STYLE,,sleeve [SLEEVE_STYLE],long,Baby & Toddler Dresses,Flutter-sleeve dress featuring floral embroideries at bodice and full skirt with lace overlay,True
false_alarm,SLEEVE_STYLE,,Long Sleeve [SLEEVE_STYLE],long,Dresses,"Yidarton Women's Striped Long Sleeve Dress Casual T-shirt Dresses with Pockets About Product: Spandex+ Polyester Item Type: Women Dresses Dress Type: Women Shirt Dresses Style: Casual, Vintage, Trendy Design: Stripe Printed Design Sleeve: Long Sleeve Season: Autumn, Winter, Spring Package Content: 1 x Women T-shirt Dress Color Disclaimer: Due to different monitor settings, the color you see on your screen may not as an exact color of the product, but we strive to make our colors as accurate as possible. Thanks for your understanding. After Service: If you have any question about this dress, welcome to contact us, we will solve your problem ASAP. Thanks for choosing us!",True
false_alarm,LENGTH,,shirt Dress [LENGTH],long,Dresses,"Yidarton Women's Striped Long Sleeve Dress Casual T-shirt Dresses with Pockets About Product: Spandex+ Polyester Item Type: Women Dresses Dress Type: Women Shirt Dresses Style: Casual, Vintage, Trendy Design: Stripe Printed Design Sleeve: Long Sleeve Season: Autumn, Winter, Spring Package Content: 1 x Women T-shirt Dress Color Disclaimer: Due to different monitor settings, the color you see on your screen may not as an exact color of the product, but we strive to make our colors as accurate as possible. Thanks for your understanding. After Service: If you have any question about this dress, welcome to contact us, we will solve your problem ASAP. Thanks for choosing us!",False
missed,LENGTH,long,,long,Skirts,"Do you love to let your inner gypsy loose, and wear hand-dyed, colorful long skirts? Do you enjoy the look and feel of natural fibers like rayon? Our bohemian maxi skirt is made from 100% rayon fabric. Rayon is made from natural cellulose plant material and, like cotton, is breathable and absorbent. It is soft and lightweight, perfect for spinning and twirling skirts when you dance, and absorbs color dyes to get the most brilliant hues! We have hand-dyed the most luxurious and most vivid colors, and combined them in eight-panel curved lines that create a swirling, flared look to the skirt design. You have the choice of 8 color options, all with rich, bright shades that complement each other in both eye-catching dramatic color and pattern. The skirt is made to fit sizes Small to Extra-Large, or approximately sizes 8-14. Theres a 40 waist allowance and 50 hip allowance in the fabric, and a wide band of solid black at the waist that encases an adjustable drawstring for perfect fit! The skirt is hand-washable, separate from other clothing, and then can be air-dried or dried flat on a towel. Youre going to love wearing this comfortable long skirt that brings out your wild, gypsy nature! Click Add to Cart now to order your skirt today!",
false_alarm,LENGTH,,long [LENGTH],long,Skirts,"Do you love to let your inner gypsy loose, and wear hand-dyed, colorful long skirts? Do you enjoy the look and feel of natural fibers like rayon? Our bohemian maxi skirt is made from 100% rayon fabric. Rayon is made from natural cellulose plant material and, like cotton, is breathable and absorbent. It is soft and lightweight, perfect for spinning and twirling skirts when you dance, and absorbs color dyes to get the most brilliant hues! We have hand-dyed the most luxurious and most vivid colors, and combined them in eight-panel curved lines that create a swirling, flared look to the skirt design. You have the choice of 8 color options, all with rich, bright shades that complement each other in both eye-catching dramatic color and pattern. The skirt is made to fit sizes Small to Extra-Large, or approximately sizes 8-14. Theres a 40 waist allowance and 50 hip allowance in the fabric, and a wide band of solid black at the waist that encases an adjustable drawstring for perfect fit! The skirt is hand-washable, separate from other clothing, and then can be air-dried or dried flat on a towel. Youre going to love wearing this comfortable long skirt that brings out your wild, gypsy nature! Click Add to Cart now to order your skirt today!",True
missed,PATTERN,flower,,long,Skirts,"Comfortable to wear Fabric:Top 100% Cotton and 100% Cotton Lined, Comfortable to wear (soft, light-weight,thick, not prone to wrinkling). The material this skirt is made of is high quality. Casual to formal skirt with Pockets This is a great skirt, its can be used for anything casual to formal. this skirt almost hits your knees when worn at the waist. It is the perfect length for business casual dress. Multi-seasonal It will keep you warm even if you wanted to wear it in the Fall time with tights. It's breathable though so you can definitely wear it in the Summer or Spring time weather bare legged. The colors are true to the photo Floral Print PATTERN TYPE, The colors are true to the photo. Runs True To Size The sizes in the product description are very accurate.you will get accurate size what you want. Model Info: Height 5'9"" (173cm) Chest 31.4"" (80cm) Waist 23.6"" (60cm) Hips 33.5"" (85cm) Wearing size S This Pleated Swing Casual to formal Skirts from Cissy's May features an allover floral print.Well, this one makes no exception for you! you can't tell if you're wearing a skirt or a huge flower. Goes well with a variety of solid tops: black, gray, orange, blue, or even pink.Find a matching top to create your own flattering silhouette. Size Information: Size S (US 6/UK 10/IT 42) waist:(27.95""), length :(24.8"") ; Size M (US 10/UK 14/IT 46) waist:(29.92""), length :(25.2"") ; Size L (US 12/UK 16/IT 48) waist:(31.5""), length :(25.39"") ; Size XL (US 14/UK 18/IT 50) waist:(33.07""), length :(25.59"") ; This Clothing Size Information Is Just For Reference Only,And Allow 1-2cm (0.4-0.8"") Differences Due To Manual Measurement, Thanks.",
boundary_error,LENGTH,Maxi,Maxi Dress [LENGTH],long,Dresses,Easy to match - This Boho Maxi Dress can be paired with sandals for a casual look or dressed up with heels.,
missed,LENGTH,Long,,long,Dresses,"Women's Casual U-neck Long Dress Sexy Sleeveless Cat Printing Long Dress Full Length Size S:bust 80cm,hips 90cm,length 121cm; Size M:bust 82cm,hips 92cm,length 122cm; Size L:bust 84cm,hips 94cm,length 123cm; Size XL:bust 86cm,hips 96cm,length 124cm;",
missed,PATTERN,stripe,,short,Shirts & Tops,Angled yoke on front shoulders with bias stripe pattern,
false_alarm,SLEEVE_STYLE,,Short Sleeve [SLEEVE_STYLE],long,Dresses,Sleeve Style: Short Sleeve;Neckline:Low Round Neck;Occasion:Casual/Party,True
false_alarm,SLEEVE_STYLE,,short sleeve [SLEEVE_STYLE],long,Shirts & Tops,Big and tall short sleeve seaport poplin large plaid shirt with button down collar,True
false_alarm,PATTERN,,plaid [PATTERN],long,Shirts & Tops,Big and tall short sleeve seaport poplin large plaid shirt with button down collar,True
false_alarm,NECKLINE,,- Neck [NECKLINE],long,Dresses,"Features:Sleeveless,O-Neck,Side Zipper,Solid Pattern,Fit and Flare Full Length",False
false_alarm,LENGTH,,Length [LENGTH],long,Dresses,"Features:Sleeveless,O-Neck,Side Zipper,Solid Pattern,Fit and Flare Full Length",False
missed,LENGTH,ankle,,long,Skirts,"Best fit slightly low waist hem finishing below the ankle. Comes in two lengths - (5'3"" to 5'7"" in height) and (5'9"" and above in height). Model height is 5'3"" and is a size medium.",
false_alarm,SLEEVE_STYLE,,short sleeves [SLEEVE_STYLE],short,Dresses,Scoop neck empire waist sweater dress with tie and short sleeves,True
boundary_error,NECKLINE,Neckline : Round,Neckline : Round Neck [NECKLINE],short,Shirts & Tops,Neckline: Round Neck | Sleeve: Sleeveless,
boundary_error,NECKLINE,Neck,Neckline : Round Neck [NECKLINE],short,Shirts & Tops,Neckline: Round Neck | Sleeve: Sleeveless,
missed,NECKLINE,Collar,,short,Dresses,MUXXN Women's 50s Vintage Collar Neck Casual Swing Dress,
false_alarm,NECKLINE,,Scoop [NECKLINE],long,Shirts & Tops,"This Isaac Mizrahi Women's Printed Sleeveless Tank is made from Lightweight 88% Polyester/ 12% Elastane fabric that's super soft and comfortable is a must have in any active lounge wardrobe. Wear it as a layering piece or alone around the house or to sleep in. Top Features: Scoop neck, sleeveless, racerback, gold trim and allover printer letter detail, You'll find many reasons to make this tank yours.",False
false_alarm,SLEEVE_STYLE,,tank [SLEEVE_STYLE],long,Shirts & Tops,"This Isaac Mizrahi Women's Printed Sleeveless Tank is made from Lightweight 88% Polyester/ 12% Elastane fabric that's super soft and comfortable is a must have in any active lounge wardrobe. Wear it as a layering piece or alone around the house or to sleep in. Top Features: Scoop neck, sleeveless, racerback, gold trim and allover printer letter detail, You'll find many reasons to make this tank yours.",True
missed,SLEEVE_STYLE,tank,,long,Shirts & Tops,No one is better at making quick gains than He-Man himself. Show your love for gains your childhood and the gains master himself He-Man all in one tank. Athletic Tri Black T-Shirt M,
missed,LENGTH,below the knee,,long,Skirts,"Navy and white variegated mesh pencil skirt. Made from an in-house designed mesh bonded to crepe fabric from a Japanese mill, which gives the embroidered look to the fabric. This ensemble takes the mesh trend to a sophisticated level. Lining falls just above the knee to create a sheer look from knee to hem. Meant to fit on natural waist and hit just below the knee to elongate and elevate your look. Dry clean. Imported.",
false_alarm,LENGTH,,knee [LENGTH],long,Skirts,"Navy and white variegated mesh pencil skirt. Made from an in-house designed mesh bonded to crepe fabric from a Japanese mill, which gives the embroidered look to the fabric. This ensemble takes the mesh trend to a sophisticated level. Lining falls just above the knee to create a sheer look from knee to hem. Meant to fit on natural waist and hit just below the knee to elongate and elevate your look. Dry clean. Imported.",True
boundary_error,NECKLINE,dress shirt,shirt [NECKLINE],long,Shirts & Tops,"Like an employee of the month, this easy care short-sleeve dress shirt won't let you down. It's smart styling features a convenient chest pocket and unique wood-tone buttons. A box pleat in the back allows for comfortable range of motion while the fabric manages moisture to help keep you dry. But easy movement and wicking fabric are just the beginning of this dress shirt's skills. The comfortable fabric contains color-retention and stain-resistant technology that keeps it looking bright and spiffy shift after shift. If you work in manufacturing, transportation, distribution, maintenance or other specialty trades, you can depend on this easy care poplin short-sleeve dress shirt.",
false_alarm,SLEEVE_STYLE,,short - sleeve [SLEEVE_STYLE],long,Shirts & Tops,"Like an employee of the month, this easy care short-sleeve dress shirt won't let you down. It's smart styling features a convenient chest pocket and unique wood-tone buttons. A box pleat in the back allows for comfortable range of motion while the fabric manages moisture to help keep you dry. But easy movement and wicking fabric are just the beginning of this dress shirt's skills. The comfortable fabric contains color-retention and stain-resistant technology that keeps it looking bright and spiffy shift after shift. If you work in manufacturing, transportation, distribution, maintenance or other specialty trades, you can depend on this easy care poplin short-sleeve dress shirt.",True
false_alarm,NECKLINE,,shirt [NECKLINE],long,Shirts & Tops,"Like an employee of the month, this easy care short-sleeve dress shirt won't let you down. It's smart styling features a convenient chest pocket and unique wood-tone buttons. A box pleat in the back allows for comfortable range of motion while the fabric manages moisture to help keep you dry. But easy movement and wicking fabric are just the beginning of this dress shirt's skills. The comfortable fabric contains color-retention and stain-resistant technology that keeps it looking bright and spiffy shift after shift. If you work in manufacturing, transportation, distribution, maintenance or other specialty trades, you can depend on this easy care poplin short-sleeve dress shirt.",True
false_alarm,LENGTH,,Skater [LENGTH],long,Dresses,Click Selfie New Womens Plus Size Floral Lace ¾ Sleeve Lined Skater Flared Dress,True
false_alarm,PATTERN,,Camo [PATTERN],long,Shirts & Tops,"Tie-Dye T-Shirt - Short Sleeve - 100% Cotton - Camo (Small, Camo) [Apparel]",True
missed,NECKLINE,polo,,long,Shirts & Tops,"Here it is, that perfect polo you've been Searching for. It's the kind of polo that will turn heads the second you hit the course - and is bound to result in extreme confidence, followed by a round of 18 you've only played in your dreams. And when you go to Pat yourself on the back, We'll betcha it's dry, thanks to our moisture-wicking dry cell technology.",
missed,NECKLINE,dress shirt,,long,Shirts & Tops,Button-front dress shirt in mini check featuring single chest pocket and long sleeves with regular cuffs,
missed,NECKLINE,Squared neckline,,short,Shirts & Tops,Squared neckline.,
missed,SLEEVE_STYLE,blouson sleeves,,long,Dresses,"Bateau neckline. Half-length blouson sleeves with gathered cuffs. Straight hem at a flirty length. Fully lined. 100% polyester;Lining: 100% polyester. Hand wash cold, hang dry. Made in the U.S.A. and",
false_alarm,LENGTH,,- [LENGTH],long,Dresses,"Bateau neckline. Half-length blouson sleeves with gathered cuffs. Straight hem at a flirty length. Fully lined. 100% polyester;Lining: 100% polyester. Hand wash cold, hang dry. Made in the U.S.A. and",False
missed,SLEEVE_STYLE,tank,,long,Shirts & Tops,One of our Trademarked Designs - MAKE SURE ABOVE SHIPPER SAYS Funny Threadz OR ITS COUNTERFEIT Super GREAT seller one of our best sellers by far - For all of you training and dont care to be tiiny this tank is for you. Get tons of laughs with this sexy tank! Our Next Level burnout tanks are the softest in the industry and most popular and light weight for working out. Enjoy our super fast shipping!,
missed,SLEEVE_STYLE,tanks,,long,Shirts & Tops,One of our Trademarked Designs - MAKE SURE ABOVE SHIPPER SAYS Funny Threadz OR ITS COUNTERFEIT Super GREAT seller one of our best sellers by far - For all of you training and dont care to be tiiny this tank is for you. Get tons of laughs with this sexy tank! Our Next Level burnout tanks are the softest in the industry and most popular and light weight for working out. Enjoy our super fast shipping!,
false_alarm,SLEEVE_STYLE,,tank [SLEEVE_STYLE],long,Shirts & Tops,One of our Trademarked Designs - MAKE SURE ABOVE SHIPPER SAYS Funny Threadz OR ITS COUNTERFEIT Super GREAT seller one of our best sellers by far - For all of you training and dont care to be tiiny this tank is for you. Get tons of laughs with this sexy tank! Our Next Level burnout tanks are the softest in the industry and most popular and light weight for working out. Enjoy our super fast shipping!,True
missed,PATTERN,stripe,,short,Dresses,Graduated black and white stripe with royal blue,
false_alarm,NECKLINE,,Crew neck [NECKLINE],short,Shirts & Tops,"Long Sleeves, Crew neck",True
boundary_error,LENGTH,Full Length Long,Full Length [LENGTH],long,Skirts,"TendzArt Azules Poly Span Floral Print Full Length Long Maxi Skirt - Made in USA (X-Large, Purple+Mint+Yellow)",
false_alarm,LENGTH,,Maxi Skirt [LENGTH],long,Skirts,"TendzArt Azules Poly Span Floral Print Full Length Long Maxi Skirt - Made in USA (X-Large, Purple+Mint+Yellow)",True
false_alarm,NECKLINE,,point collar [NECKLINE],long,Shirts & Tops,Button-front flannel shirt in horizontal stripes featuring point collar and embroidered logoing at chest,True
missed,LENGTH,Short,,short,Dresses,Short high neck crepe dress with pearl trim and long sleeves,
missed,LENGTH,crepe dress,,short,Dresses,Short high neck crepe dress with pearl trim and long sleeves,
false_alarm,SLEEVE_STYLE,,long sleeves [SLEEVE_STYLE],short,Dresses,Short high neck crepe dress with pearl trim and long sleeves,True
false_alarm,SLEEVE_STYLE,,Short - sleeve [SLEEVE_STYLE],long,Shirts & Tops,Short-sleeve button-front shirt in tonal floral pattern featuring straight seams at front and back yokes,True
missed,NECKLINE,Collar,,long,Dresses,Richie House Big Girls' Dress With Fancy Fashion Collar Size 3-8 RH1680,
false_alarm,LENGTH,,Maxi Dress [LENGTH],short,Dresses,SurelyMine Women's Dolman Long Sleeve Asymmetrical Draped Neck Maxi Dress,True
false_alarm,SLEEVE_STYLE,,Spaghetti Strap [SLEEVE_STYLE],long,Shirts & Tops,ViiViiKay Women's Basic Spaghetti Strap Lace Trim Cami Tank Top Junior To Plus,True
false_alarm,NECKLINE,,henley [NECKLINE],short,Shirts & Tops,"Long sleeve, three button henley in cotton and linen blend",True
boundary_error,SLEEVE_STYLE,rib knit cuffs,knit cuffs [SLEEVE_STYLE],long,Shirts & Tops,"Hanes Beefy-T Long Sleeve T-Shirts are the most comfortable and durable shirts yet. Product Features:Most comfortable and durable, long sleeve t-shirt, Double-needle cover-seamed neck with lay flat collar, Comfortable rib knit cuffs, Double-needle sleeves and bottom hem?, Shoulder-to-shoulder tape, Tag-free neck label for comfort, High-stitch density fabric, Pre-shrunk jersey knit, Made from 100% ring-spun cotton for softness and durability.",
missed,PATTERN,Stripe,,short,Shirts & Tops,Nike Golf Men's Victory Bold Stripe Polo,
false_alarm,PATTERN,,stripes [PATTERN],long,Shirts & Tops,Be ready for the round up or any other rowdy pursuits in the el rancho shirt from Volcom. A classic fit short sleeve button up with chest patch pocket and all over printed stripes.,True
boundary_error,LENGTH,maxi,maxi dress [LENGTH],long,Dresses,Ruffled maxi dress printed spaghetti strap front open slit baby hem back exposed zipper,
missed,NECKLINE,Sweetheart,,short,Dresses,MoonTree Womens Springtime Lace Sweetheart Tulle Polka Dot Dress,
boundary_error,LENGTH,maxi,maxi dress [LENGTH],long,Dresses,"Here is every lady's MUST-HAVE maxi dress! Stylish and Comfortable! It's easy to pair with any heels or boots, and you'll be the ""it"" girl at parties and clubs! A casual dress featuring a city-chic full length maxi design. Stylish multicolored striped pattern. Deep V-neckline. Ruffled front details. Sleeveless with banded straps. Low-cut open back design. A soft, comfy and silky chiffon fabric. Smocked stretchy wasit that fits all body types comfortably! High waistline elongates your legs. Flowy long skirt with shirred horizontal paneling. Fully lined. Medium weight. It's great for both day and evening occasions including clubbing, parties, lounging, vacations, or just chilling with friends!",
false_alarm,LENGTH,,long [LENGTH],long,Dresses,"Here is every lady's MUST-HAVE maxi dress! Stylish and Comfortable! It's easy to pair with any heels or boots, and you'll be the ""it"" girl at parties and clubs! A casual dress featuring a city-chic full length maxi design. Stylish multicolored striped pattern. Deep V-neckline. Ruffled front details. Sleeveless with banded straps. Low-cut open back design. A soft, comfy and silky chiffon fabric. Smocked stretchy wasit that fits all body types comfortably! High waistline elongates your legs. Flowy long skirt with shirred horizontal paneling. Fully lined. Medium weight. It's great for both day and evening occasions including clubbing, parties, lounging, vacations, or just chilling with friends!",True
boundary_error,NECKLINE,Rounded neckline,Rounded [NECKLINE],short,Dresses,Rounded neckline with appliqué treatments at front.,
missed,LENGTH,long,,long,Dresses,"Statuesque, elegant and alluringly graceful, this long ball gown delivers a refined movement with every step. Its low back criss cross design offers a head-turning exit with distinct sense of drama. Its ruched skirt design with a high back slit keeps it flattering and modern. Pair this stunner with a boxy clutch and a sleek up-do to show off the design. Button closure at back neck. Elasticized skirt ruching. Please see bullet points above for measurements. *Please note that measurements were taken with the item laid flat, unless otherwise specified. Please double for bust across, waist and hips to get total circumference. Made in USA.",
missed,LENGTH,gown,,long,Dresses,"Statuesque, elegant and alluringly graceful, this long ball gown delivers a refined movement with every step. Its low back criss cross design offers a head-turning exit with distinct sense of drama. Its ruched skirt design with a high back slit keeps it flattering and modern. Pair this stunner with a boxy clutch and a sleek up-do to show off the design. Button closure at back neck. Elasticized skirt ruching. Please see bullet points above for measurements. *Please note that measurements were taken with the item laid flat, unless otherwise specified. Please double for bust across, waist and hips to get total circumference. Made in USA.",
missed,NECKLINE,Collar,,short,Dresses,Olive & Oak Women's Studded-Collar Dress,
missed,NECKLINE,Deep V,,long,Dresses,"Stylized fracture print all over. Slip-on design. Straight neckline. Sleeveless design. Deep V-back with cross-strap detail. Straight hem falls above the knee. Fully lined. 100% rayon;Lining: 100% rayon. Hand wash cold, dry flat.",
false_alarm,NECKLINE,,Scoop [NECKLINE],short,Dresses,"Scoop neck, sleeveless, center back zipper closure",False
false_alarm,SLEEVE_STYLE,,short sleeve [SLEEVE_STYLE],long,Shirts & Tops,"Color blocked performance short sleeve crew with contrast insets offers a nice fashion statement to shorts or denim. Raglan sleeve design offers a little more tapperd fit, generous cut offers added comfort to this garment. Moisture wicking properties of the garment are an added plus to this short sleeve crew.The main benefits are fast drying which maintains a cool body temperature. Plus this fabric does not tend to cling, you will really enjoy wearing this piece.",True
false_alarm,NECKLINE,,Henley [NECKLINE],long,Shirts & Tops,Heathered long-sleeve top featuring four-button Henley placket and embroidered logo at chest,True
missed,NECKLINE,Sweetheart,,short,Dresses,Diyouth Elegant High Low Prom Dresses Chiffon Sweetheart Formal Evening Gowns,
false_alarm,LENGTH,,Gowns [LENGTH],short,Dresses,Diyouth Elegant High Low Prom Dresses Chiffon Sweetheart Formal Evening Gowns,True
missed,NECKLINE,collar,,long,Dresses,"United By Blue Size Chart The Banbury Dress brings easy chic and sublimely soft comfort from campsite exploration to the post-hike pub trip. Shirtdress in a smooth, soft cotton and Tencel® blend the complements the flowing silhouette. Foldover collar. Half-button placket with corozo button detailing. Long sleeves with button-tab, roll-up detail. Single-button, mitered cuffs. High-low shirttail hemline. Straight back yoke with box pleat. 50% Tencel lyocell, 50% organic cotton. Machine wash and tumble dry. Imported. Measurements: Length: 39 in Product measurements were taken using size SM. Please note that measurements may vary by size.",
missed,PATTERN,Striped,,short,Dresses,kensie Women's Jersey Striped Maxi Dress,
false_alarm,NECKLINE,,Henley [NECKLINE],short,Shirts & Tops,Karen Scott Women's Foliage Print V-Neck Henley,True
missed,NECKLINE,Button DownChinese,,short,Shirts & Tops,Hee grand Men's Plaid Long Sleeve Shirt Button DownChinese L Green,
false_alarm,SLEEVE_STYLE,,Sleeveless [SLEEVE_STYLE],short,Dresses,"Frumos Womens Tropical Sleeveless Racerback Maxi Dress,Made In USA",True
missed,PATTERN,Stripe,,short,Dresses,eShakti Women's Stripe cotton melange knit dress,
false_alarm,NECKLINE,,Round neckline [NECKLINE],short,Shirts & Tops,Round neckline. Sleeveless,True
false_alarm,NECKLINE,,: Sweetheart [NECKLINE],long,Wedding & Bridal Party Dresses,"This elegant wedding dress is perfect for your outdoor wedding. The bust is made of high quality chiffon with lace appliques overlay and is padded. The flowing chiffon skirt elegantly moves with you. The back is lace up, if the dress is not very fit your body, you can adjust the ribbon to make the dress fit you better. Specification : Neckline: Sweetheart Material: Chiffon, Lace Hemline: Floor Length Back Detail: Lace Up Packing List :1*wedding dress Return policy We could not accept your return request if the dress issues are caused by yourself. Such as wrong size provided or wrong color selected. If you receive a defective dress or wrong size (wrong color, wrong dress),please contact us within 3 days after receive the dress.(Returned item must be completed, unused, unwashed with original tags and packaging.)Send your dress back, after we check it well, we will refund your money or we will resend you a new dress. All the dresses don't come with the accessories displayed in the picture",False
missed,LENGTH,Maxi,,long,Dresses,"Our wonderfully glamorous and at the same time comfortable dress is made to take into account every change of your body (we do remember that ankles sometimes get swollen) and it even offers help in maintaining the optimum level of hygiene (deep V neck offers ingenious nursing access). So if you seek the best combo of comfort, function and aesthetics, you came to the right placefor the right thing. Highlights Maxi sleeveless dress features a ruched empire waist that draws all attention to the slimmest part of your body. Braided double straps not only offer a very high level of comfort (no digging in as those skinny spaghetti straps) but also lend haute couture look to the gown. Loose fit provides freedom of movement and enough room for your growing belly without creating a baggy or shapeless look. No fasteners or zippers, just slip it on. Deep V-neck allows for easy breastfeeding access during nursing period. Full length dress keeps your legs from getting chilly in air-conditioned buildings. The skirt is full length and generously full for a delightful swirl as you walk. Pair your maxi dress with cute kitten-heeled peep toes for a natural summery look or with heels to look sophisticated at your baby shower or any other special occasion. Fabric and care tips Material composition: 93% - viscose, 7% - elastane. The smooth silky fabric with light sheen has great stretch and proper recovery. It drapes nicely, keeps its shape through many wears and doesn't cling. We use hypoallergenic materials and textile dyes that don't irritate future moms' sensitive skin. To keep your dress looking like new one, machine wash it inside out with like colors at 86 F / 30 C. Avoid bleaching, tumble drying. Iron it at low temperature, if necessary.",
boundary_error,SLEEVE_STYLE,spaghetti straps,spaghetti [SLEEVE_STYLE],long,Dresses,"Our wonderfully glamorous and at the same time comfortable dress is made to take into account every change of your body (we do remember that ankles sometimes get swollen) and it even offers help in maintaining the optimum level of hygiene (deep V neck offers ingenious nursing access). So if you seek the best combo of comfort, function and aesthetics, you came to the right placefor the right thing. Highlights Maxi sleeveless dress features a ruched empire waist that draws all attention to the slimmest part of your body. Braided double straps not only offer a very high level of comfort (no digging in as those skinny spaghetti straps) but also lend haute couture look to the gown. Loose fit provides freedom of movement and enough room for your growing belly without creating a baggy or shapeless look. No fasteners or zippers, just slip it on. Deep V-neck allows for easy breastfeeding access during nursing period. Full length dress keeps your legs from getting chilly in air-conditioned buildings. The skirt is full length and generously full for a delightful swirl as you walk. Pair your maxi dress with cute kitten-heeled peep toes for a natural summery look or with heels to look sophisticated at your baby shower or any other special occasion. Fabric and care tips Material composition: 93% - viscose, 7% - elastane. The smooth silky fabric with light sheen has great stretch and proper recovery. It drapes nicely, keeps its shape through many wears and doesn't cling. We use hypoallergenic materials and textile dyes that don't irritate future moms' sensitive skin. To keep your dress looking like new one, machine wash it inside out with like colors at 86 F / 30 C. Avoid bleaching, tumble drying. Iron it at low temperature, if necessary.",
false_alarm,LENGTH,,Maxi [LENGTH],short,Dresses,Maxi Midi Dress,True
boundary_error,NECKLINE,V neckline,V [NECKLINE],short,Dresses,Wrap V neckline; asymmetric shiffon overlay,
boundary_error,NECKLINE,polo shirt,polo [NECKLINE],long,Shirts & Tops,"COMFORT & SAFETY: This comfortable, casual polo shirt was made for flame resistant compliance with a lightweight, moisture-wicking material that's great year round. Underarm gussets extend your reach & hidden ribbing in cuffs keeps long sleeves in place",
missed,PATTERN,stripe,,long,Shirts & Tops,Xpril Men's Multi-color stripe fabric golf wear Short sleeve Polo T-shirts,
boundary_error,LENGTH,Length : 37,Length [LENGTH],long,Skirts,"Straight hemline. 100% rayon. Hand wash cold, dry flat. Imported. Measurements: Skirt Length: 37 in Waist Measurement: 28 in Product measurements were taken using size SM. Please note that measurements may vary by size.",
false_alarm,NECKLINE,,V - Neck [NECKLINE],long,Shirts & Tops,Mens T-Shirts Long Sleeves Cotton Slim V-Neck Undershirt Army Green US Size XL,True
false_alarm,NECKLINE,,polo [NECKLINE],long,Shirts & Tops,"The AriattekTM polo combines classic polo styling with advanced technology features. AriattekTM series utilizes advanced fabric technology to defend against the elements, polos feature a rib collar and placket in a breathable fabric",True
false_alarm,NECKLINE,,rib [NECKLINE],long,Shirts & Tops,"The AriattekTM polo combines classic polo styling with advanced technology features. AriattekTM series utilizes advanced fabric technology to defend against the elements, polos feature a rib collar and placket in a breathable fabric",False
boundary_error,NECKLINE,Polo,Polo Shirts [NECKLINE],short,Shirts & Tops,Mens Slim Fit Pique Polo Shirts Of Various Colors,
false_alarm,NECKLINE,,Strapless [NECKLINE],short,Wedding & Bridal Party Dresses,Strapless Sleeveless Pearl Purple Butterfly Elegant Sweet Princess Wedding Dresses,True
false_alarm,NECKLINE,,Sweetheart [NECKLINE],long,Wedding & Bridal Party Dresses,"Material:Chiffon,Neckline:Sweetheart,Sleeve:Sleeveless,Dress Length:Floor Length,Back:Zipper,Decoration:Beading",True
false_alarm,SLEEVE_STYLE,,Sleeveless [SLEEVE_STYLE],long,Wedding & Bridal Party Dresses,"Material:Chiffon,Neckline:Sweetheart,Sleeve:Sleeveless,Dress Length:Floor Length,Back:Zipper,Decoration:Beading",True
false_alarm,LENGTH,,Maxi [LENGTH],short,Dresses,ECOWISH Women's Floral Long Sleeve Deep V Neck Maxi Long Dress,True
false_alarm,NECKLINE,,Round neck [NECKLINE],short,Dresses,"Round neck, short sleeve, above knee",True
false_alarm,SLEEVE_STYLE,,short [SLEEVE_STYLE],long,Shirts & Tops,Four-button polo shirt in slim fit featuring short sleeves and chest pocket,False
false_alarm,LENGTH,,Gown [LENGTH],long,Wedding & Bridal Party Dresses,Ball Gown Small Round Collar Floor-Length Flower Girl Dress Satin/ Organza,True
missed,PATTERN,striped,,long,Coats & Jackets,"Go bold with this varsity inspired jacket featuring a letter B patch. Includes button closure, striped ribbed baseball collar, long sleeves with striped ribbed cuffs, and 2 angled waist pockets.",
false_alarm,SLEEVE_STYLE,,long sleeves [SLEEVE_STYLE],long,Coats & Jackets,"Go bold with this varsity inspired jacket featuring a letter B patch. Includes button closure, striped ribbed baseball collar, long sleeves with striped ribbed cuffs, and 2 angled waist pockets.",True
false_alarm,PATTERN,,striped [PATTERN],long,Coats & Jackets,"Go bold with this varsity inspired jacket featuring a letter B patch. Includes button closure, striped ribbed baseball collar, long sleeves with striped ribbed cuffs, and 2 angled waist pockets.",True
false_alarm,NECKLINE,,Round Neck [NECKLINE],long,Shirts & Tops,"Wicked Tees officially licensed new womens JLA ZATANNA ILLUSION t-shirt tee. This novelty tee is color BLACK. Standout from the crowd in this 100% officially licensed JLA shirt. This premium Round Neck tee is made in the US and printed on demand so that your JLA ZATANNA ILLUSION t-shirt color BLACK is guaranteed to fit right and look right every time you put it on. We are an officially licensed company in the USA and aboard to sell this JLA ZATANNA ILLUSION design. When you buy a shirt through us, you're getting an authentic, officially licensed womens JLA Round Neck shirt is guaranteed to look and fit great. About Wicked Tees - Wicked Tees is a leading internet t-shirt tee retailer with hundreds of thousands of licensed t-shirt tees for you. We have thousands of T-shirt tees for popular TV shows, movies, superheros super hero, pop culture and classic brands apparel. We offer hundreds of styles of shirts including tank tops, v-necks, slim fit, baby onesies one piece, ringer shirt ringers, heathered heather shirts, long sleeve shirts, womens t-shirts, mens tees and new sublimation tshirts. We start by sourcing the best feeling, best fitting, highest quality t-shirts for our stock. From there we use either our cutting edge print-on-demand technology or classic offset silk screen printing to bring you the freshest styles and coolest designs for all ages.",True
false_alarm,SLEEVE_STYLE,,long sleeve [SLEEVE_STYLE],long,Shirts & Tops,"Wicked Tees officially licensed new womens JLA ZATANNA ILLUSION t-shirt tee. This novelty tee is color BLACK. Standout from the crowd in this 100% officially licensed JLA shirt. This premium Round Neck tee is made in the US and printed on demand so that your JLA ZATANNA ILLUSION t-shirt color BLACK is guaranteed to fit right and look right every time you put it on. We are an officially licensed company in the USA and aboard to sell this JLA ZATANNA ILLUSION design. When you buy a shirt through us, you're getting an authentic, officially licensed womens JLA Round Neck shirt is guaranteed to look and fit great. About Wicked Tees - Wicked Tees is a leading internet t-shirt tee retailer with hundreds of thousands of licensed t-shirt tees for you. We have thousands of T-shirt tees for popular TV shows, movies, superheros super hero, pop culture and classic brands apparel. We offer hundreds of styles of shirts including tank tops, v-necks, slim fit, baby onesies one piece, ringer shirt ringers, heathered heather shirts, long sleeve shirts, womens t-shirts, mens tees and new sublimation tshirts. We start by sourcing the best feeling, best fitting, highest quality t-shirts for our stock. From there we use either our cutting edge print-on-demand technology or classic offset silk screen printing to bring you the freshest styles and coolest designs for all ages.",True
boundary_error,NECKLINE,polo with collar,polo with [NECKLINE],short,Shirts & Tops,Printed engineered polo with collar tipping,
false_alarm,SLEEVE_STYLE,,3 / 4 [SLEEVE_STYLE],long,Dresses,Aamikast Women Dresses O-neck 3/4 Quarter Work Party Cocktail Evening D0511,False
missed,PATTERN,Stripes,,short,Skirts,YogaColors Stripes and Solids Jersey Maxi Skirt,
false_alarm,SLEEVE_STYLE,,long sleeves [SLEEVE_STYLE],long,Shirts & Tops,"Description Soft touch blended pique polo with long sleeves and left chest pocket is colorful and sporty. Affordable and smart, this polo has style details that match premium knits. Perfect for delivery service, theme parks, or lawn service. Embroiders well, 65% Polyester/35% Cotton; 6.0 oz.wt, Long sleeve with left chest pocket, shrink, fade and wrinkle resistant, 1"" extended tail, Laundry friendly, unisex size: XXS - 6XL. Care Instructions Machine Wash Warm Permanent Press, Only Non-Chlorine Bleach when Needed, Tumble Dry Medium, Permanent Press, Remove Promptly, Iron Medium if Needed, No Fabric Softener or Dryer Sheets.",True
false_alarm,NECKLINE,,polo [NECKLINE],long,Shirts & Tops,"Description Soft touch blended pique polo with long sleeves and left chest pocket is colorful and sporty. Affordable and smart, this polo has style details that match premium knits. Perfect for delivery service, theme parks, or lawn service. Embroiders well, 65% Polyester/35% Cotton; 6.0 oz.wt, Long sleeve with left chest pocket, shrink, fade and wrinkle resistant, 1"" extended tail, Laundry friendly, unisex size: XXS - 6XL. Care Instructions Machine Wash Warm Permanent Press, Only Non-Chlorine Bleach when Needed, Tumble Dry Medium, Permanent Press, Remove Promptly, Iron Medium if Needed, No Fabric Softener or Dryer Sheets.",True
false_alarm,SLEEVE_STYLE,,Long sleeve [SLEEVE_STYLE],long,Shirts & Tops,"Description Soft touch blended pique polo with long sleeves and left chest pocket is colorful and sporty. Affordable and smart, this polo has style details that match premium knits. Perfect for delivery service, theme parks, or lawn service. Embroiders well, 65% Polyester/35% Cotton; 6.0 oz.wt, Long sleeve with left chest pocket, shrink, fade and wrinkle resistant, 1"" extended tail, Laundry friendly, unisex size: XXS - 6XL. Care Instructions Machine Wash Warm Permanent Press, Only Non-Chlorine Bleach when Needed, Tumble Dry Medium, Permanent Press, Remove Promptly, Iron Medium if Needed, No Fabric Softener or Dryer Sheets.",True
false_alarm,LENGTH,,Midi [LENGTH],long,Dresses,"Womens Celeb Kourtney Kardashian Side Floral Bodycon Midi Dress (US 4 - UK 8, Neon Colourful Mesh Midi)",True
false_alarm,NECKLINE,,sweetheart [NECKLINE],long,Dresses,"Go out in style with this sexy fitted mini dress! Offers a sweetheart neckline and strapless design. Dress features overlapping at bust; ruching all over defines and accentuates curves. Made with a soft poly blend to keep you comfortable all night. This dress is available in sizes small, medium, and large. This dress is perfect for all your social gatherings. Wear it to cocktail parties, clubs, date nights, and more!",True
missed,LENGTH,length : 15,,short,Skirts,"Center front length:15.5""",
boundary_error,NECKLINE,crew neckline,crew [NECKLINE],long,Shirts & Tops,Short-sleeve tee with crew neckline featuring X-Temp technology for moisture management and logoing at chest,
false_alarm,SLEEVE_STYLE,,Short - sleeve [SLEEVE_STYLE],long,Shirts & Tops,Short-sleeve tee with crew neckline featuring X-Temp technology for moisture management and logoing at chest,True
false_alarm,SLEEVE_STYLE,,short sleeve [SLEEVE_STYLE],long,Shirts & Tops,"Quiksilver young men's tube prison short sleeve short sleeve horizontal stripe oxford shirt with single pocket, exterior woven label, and novelty vintage buttons",True
false_alarm,NECKLINE,,oxford shirt [NECKLINE],long,Shirts & Tops,"Quiksilver young men's tube prison short sleeve short sleeve horizontal stripe oxford shirt with single pocket, exterior woven label, and novelty vintage buttons",True
boundary_error,LENGTH,Above Knee,Knee [LENGTH],long,Dresses,"Style: Soft, Skin-friendly, Casual, Beach, Pull On closure, Sleeveless, V-Neck, Above Knee, Mini Floral Dress",
false_alarm,NECKLINE,,V - Neck [NECKLINE],long,Dresses,"Style: Soft, Skin-friendly, Casual, Beach, Pull On closure, Sleeveless, V-Neck, Above Knee, Mini Floral Dress",True
boundary_error,LENGTH,Maxi,Maxi Dress [LENGTH],long,Dresses,"Fabric Type: Chiffon / Polyester Color: Yellow, Green and white, Blue Collar: V-Neck Style: Maxi Dress Length: Full Length Occasion: Casual, Party, Beach Garment Care: Hand-wash and Machine washable Unique style, makes you more beautiful, fashion, sexy and elegant. Package Content: 1 x Women Dress Small (US S(6) UK 8 EU 36 AU 10)----Bust----86cm/33.5"";Length----139cm/54.2""; Medium (US M(8-10) UK 10 EU 38 AU 12)----Bust----92cm/35.9"";Length----140cm/54.6""; Large (US L(12) UK 14 EU 42 AU 16)----Bust----96cm/37.4"";Length----140.5cm/54.8""; X-Large (US XL(16 ) UK 18 EU 46 AU 20)----Bust----100cm/39.0"";Length----142cm/55.4""; Note: 1. Hint for choosing proper size, use similar clothing to compare with the size. 2. Choose larger sizes if your size are same as the flat measurement size chart 3. Please ignore the tag size comes with the cloth. The tag size sometimes can be a larger than our description size because those are for Chinese. We are 1 or 2 sizes smaller than European and American people. 4. As different computers display colors differently, the color of the actual item may vary slightly from the above images, thanks for your understanding.",
false_alarm,LENGTH,,maxi [LENGTH],short,Dresses,long sleeve off shoulder irregular hem maxi party dress,True
boundary_error,NECKLINE,V neckline,V [NECKLINE],short,Dresses,"Mint yoru chiffon dress has double layer style, V neckline",
false_alarm,SLEEVE_STYLE,,Short Sleeve [SLEEVE_STYLE],long,Shirts & Tops,"Under Armour Womens HeatGear Twisted Tech Locker T Short Sleeve Stay Cool and Dry With A HeatGear Sweat Wicking Shirt! Under Armour is revolutionary athletic gear that helps you to perform whether it's game day, practice or training with technology that is engineered to help you play your best. Under Armour Womens HeatGear Twisted Tech Locker T Short Sleeve features: Super-light Twisted UA Tech fabric has a softer, more natural feel for incredible all-day comfort Twisted effect on fabric comes from mixing colored yarn and white yarn Signature Lightweight stretch construction improves mobility for full range of motion Anti-microbial technology keeps your gear fresher, longer Short, raglan sleeve construction See the Machine Wash Tumble Dry 100% Polyester Under Armour...The Advantage Is Undeniable! Size: Small. Color: Royal/White. Gender: Unisex. Age Group: Adult. Material: Polyester.",True
missed,PATTERN,Leopard,,short,Dresses,"Switchblade Stiletto Womens DARLING DRESS (XX-Large, Red Leopard)",
false_alarm,LENGTH,,Gowns [LENGTH],long,Dresses,vimans Women's Elegant Lace Prom Dresses 2019 V Neck Evening Gowns Dress164,True
false_alarm,LENGTH,,Maxi Dress [LENGTH],short,Dresses,Sakkas Ruched Bombshell Floor Length Maxi Dress,True
boundary_error,NECKLINE,Polo also offers a no roll collar,Polo [NECKLINE],long,Shirts & Tops,"Designed with 60% polyester, 40% cotton, the Utility Polo offers the fade, shrink and wrinkle resistance of polyester but the comfort of cotton. The Utility Polo also offers a no roll collar and dual pen pockets.",
false_alarm,NECKLINE,,Golf [NECKLINE],short,Shirts & Tops,Under Armour UA coldblack Par Stripe Golf Polo Shirt,False
false_alarm,PATTERN,,Floral [PATTERN],short,Shirts & Tops,Women's Floral Print V Neck Cut-out Long Sleeve Shirt,True
missed,LENGTH,floor,,long,Wedding & Bridal Party Dresses,"Sequins Lace Appliques Half Sleeve V-neck V-back Mother of the Bride Dress/Formal Dress More Details Brand: SDRESS Condition: New/Made-to-Order Neckline: V-neck Hemline/Train: Long/Floor Length Silhouette: A-line Sleeve Length: Half Sleeve Back Style: Zipper Fabric: Chiffon Embellishment: Sequins, Lace Appliques Style: Classic&Timeless, Elegant/Luxurious Color Available: Black, Sliver, Navy, Gold, Wine, Eggplant, Teal Champagne, Pink, White, Ivory, etc. Occasion: Evening, Formal Party or Wedding Party for Mother Size Chart Measurements (Inches): Size 2: Bust=32.5 Waist=25.5 Hips=35.75 Hollow to floor=58 Size 4: Bust=33.5 Waist=26.5 Hips=36.75 Hollow to floor=58 Size 6: Bust=34.5 Waist=27.5 Hips=37.75 Hollow to floor=59 Size 8: Bust=35.5 Waist=28.5 Hips=38.75 Hollow to floor=59 Size 10: Bust=36.5 Waist=29.5 Hips=39.75 Hollow to floor=60 Size 12: Bust=38 Waist=31 Hips=41.25 Hollow to Floor=60 Size 14: Bust=39.5 Waist=32.5 Hips=42.75 Hollow to floor=61 Size 16: Bust=41 Waist=34 Hips=44.25 Hollow to floor=61 Size 18W: Bust=45 Waist=38.5 Hips=47.5 Hollow to floor=61 Size 20W: Bust=47 Waist=40.75 Hips=49.5 Hollow to floor=61 Size 22W: Bust=49 Waist=43 Hips=51.5 Hollow to floor=61 Size 24W: Bust=51 Waist=45.25 Hips=53.5 Hollow to floor=61 Size 26W: Bust=53 Waist=47.5 Hips=55.5 Hollow to floor=61 Notice: If you want a customized dress, contacting us freely!",
missed,LENGTH,Floor,,long,Wedding & Bridal Party Dresses,"Sequins Lace Appliques Half Sleeve V-neck V-back Mother of the Bride Dress/Formal Dress More Details Brand: SDRESS Condition: New/Made-to-Order Neckline: V-neck Hemline/Train: Long/Floor Length Silhouette: A-line Sleeve Length: Half Sleeve Back Style: Zipper Fabric: Chiffon Embellishment: Sequins, Lace Appliques Style: Classic&Timeless, Elegant/Luxurious Color Available: Black, Sliver, Navy, Gold, Wine, Eggplant, Teal Champagne, Pink, White, Ivory, etc. Occasion: Evening, Formal Party or Wedding Party for Mother Size Chart Measurements (Inches): Size 2: Bust=32.5 Waist=25.5 Hips=35.75 Hollow to floor=58 Size 4: Bust=33.5 Waist=26.5 Hips=36.75 Hollow to floor=58 Size 6: Bust=34.5 Waist=27.5 Hips=37.75 Hollow to floor=59 Size 8: Bust=35.5 Waist=28.5 Hips=38.75 Hollow to floor=59 Size 10: Bust=36.5 Waist=29.5 Hips=39.75 Hollow to floor=60 Size 12: Bust=38 Waist=31 Hips=41.25 Hollow to Floor=60 Size 14: Bust=39.5 Waist=32.5 Hips=42.75 Hollow to floor=61 Size 16: Bust=41 Waist=34 Hips=44.25 Hollow to floor=61 Size 18W: Bust=45 Waist=38.5 Hips=47.5 Hollow to floor=61 Size 20W: Bust=47 Waist=40.75 Hips=49.5 Hollow to floor=61 Size 22W: Bust=49 Waist=43 Hips=51.5 Hollow to floor=61 Size 24W: Bust=51 Waist=45.25 Hips=53.5 Hollow to floor=61 Size 26W: Bust=53 Waist=47.5 Hips=55.5 Hollow to floor=61 Notice: If you want a customized dress, contacting us freely!",
false_alarm,NECKLINE,,V - neck [NECKLINE],long,Wedding & Bridal Party Dresses,"Sequins Lace Appliques Half Sleeve V-neck V-back Mother of the Bride Dress/Formal Dress More Details Brand: SDRESS Condition: New/Made-to-Order Neckline: V-neck Hemline/Train: Long/Floor Length Silhouette: A-line Sleeve Length: Half Sleeve Back Style: Zipper Fabric: Chiffon Embellishment: Sequins, Lace Appliques Style: Classic&Timeless, Elegant/Luxurious Color Available: Black, Sliver, Navy, Gold, Wine, Eggplant, Teal Champagne, Pink, White, Ivory, etc. Occasion: Evening, Formal Party or Wedding Party for Mother Size Chart Measurements (Inches): Size 2: Bust=32.5 Waist=25.5 Hips=35.75 Hollow to floor=58 Size 4: Bust=33.5 Waist=26.5 Hips=36.75 Hollow to floor=58 Size 6: Bust=34.5 Waist=27.5 Hips=37.75 Hollow to floor=59 Size 8: Bust=35.5 Waist=28.5 Hips=38.75 Hollow to floor=59 Size 10: Bust=36.5 Waist=29.5 Hips=39.75 Hollow to floor=60 Size 12: Bust=38 Waist=31 Hips=41.25 Hollow to Floor=60 Size 14: Bust=39.5 Waist=32.5 Hips=42.75 Hollow to floor=61 Size 16: Bust=41 Waist=34 Hips=44.25 Hollow to floor=61 Size 18W: Bust=45 Waist=38.5 Hips=47.5 Hollow to floor=61 Size 20W: Bust=47 Waist=40.75 Hips=49.5 Hollow to floor=61 Size 22W: Bust=49 Waist=43 Hips=51.5 Hollow to floor=61 Size 24W: Bust=51 Waist=45.25 Hips=53.5 Hollow to floor=61 Size 26W: Bust=53 Waist=47.5 Hips=55.5 Hollow to floor=61 Notice: If you want a customized dress, contacting us freely!",True
false_alarm,NECKLINE,,V - neck [NECKLINE],long,Wedding & Bridal Party Dresses,"Sequins Lace Appliques Half Sleeve V-neck V-back Mother of the Bride Dress/Formal Dress More Details Brand: SDRESS Condition: New/Made-to-Order Neckline: V-neck Hemline/Train: Long/Floor Length Silhouette: A-line Sleeve Length: Half Sleeve Back Style: Zipper Fabric: Chiffon Embellishment: Sequins, Lace Appliques Style: Classic&Timeless, Elegant/Luxurious Color Available: Black, Sliver, Navy, Gold, Wine, Eggplant, Teal Champagne, Pink, White, Ivory, etc. Occasion: Evening, Formal Party or Wedding Party for Mother Size Chart Measurements (Inches): Size 2: Bust=32.5 Waist=25.5 Hips=35.75 Hollow to floor=58 Size 4: Bust=33.5 Waist=26.5 Hips=36.75 Hollow to floor=58 Size 6: Bust=34.5 Waist=27.5 Hips=37.75 Hollow to floor=59 Size 8: Bust=35.5 Waist=28.5 Hips=38.75 Hollow to floor=59 Size 10: Bust=36.5 Waist=29.5 Hips=39.75 Hollow to floor=60 Size 12: Bust=38 Waist=31 Hips=41.25 Hollow to Floor=60 Size 14: Bust=39.5 Waist=32.5 Hips=42.75 Hollow to floor=61 Size 16: Bust=41 Waist=34 Hips=44.25 Hollow to floor=61 Size 18W: Bust=45 Waist=38.5 Hips=47.5 Hollow to floor=61 Size 20W: Bust=47 Waist=40.75 Hips=49.5 Hollow to floor=61 Size 22W: Bust=49 Waist=43 Hips=51.5 Hollow to floor=61 Size 24W: Bust=51 Waist=45.25 Hips=53.5 Hollow to floor=61 Size 26W: Bust=53 Waist=47.5 Hips=55.5 Hollow to floor=61 Notice: If you want a customized dress, contacting us freely!",True
false_alarm,SLEEVE_STYLE,,Half Sleeve [SLEEVE_STYLE],long,Wedding & Bridal Party Dresses,"Sequins Lace Appliques Half Sleeve V-neck V-back Mother of the Bride Dress/Formal Dress More Details Brand: SDRESS Condition: New/Made-to-Order Neckline: V-neck Hemline/Train: Long/Floor Length Silhouette: A-line Sleeve Length: Half Sleeve Back Style: Zipper Fabric: Chiffon Embellishment: Sequins, Lace Appliques Style: Classic&Timeless, Elegant/Luxurious Color Available: Black, Sliver, Navy, Gold, Wine, Eggplant, Teal Champagne, Pink, White, Ivory, etc. Occasion: Evening, Formal Party or Wedding Party for Mother Size Chart Measurements (Inches): Size 2: Bust=32.5 Waist=25.5 Hips=35.75 Hollow to floor=58 Size 4: Bust=33.5 Waist=26.5 Hips=36.75 Hollow to floor=58 Size 6: Bust=34.5 Waist=27.5 Hips=37.75 Hollow to floor=59 Size 8: Bust=35.5 Waist=28.5 Hips=38.75 Hollow to floor=59 Size 10: Bust=36.5 Waist=29.5 Hips=39.75 Hollow to floor=60 Size 12: Bust=38 Waist=31 Hips=41.25 Hollow to Floor=60 Size 14: Bust=39.5 Waist=32.5 Hips=42.75 Hollow to floor=61 Size 16: Bust=41 Waist=34 Hips=44.25 Hollow to floor=61 Size 18W: Bust=45 Waist=38.5 Hips=47.5 Hollow to floor=61 Size 20W: Bust=47 Waist=40.75 Hips=49.5 Hollow to floor=61 Size 22W: Bust=49 Waist=43 Hips=51.5 Hollow to floor=61 Size 24W: Bust=51 Waist=45.25 Hips=53.5 Hollow to floor=61 Size 26W: Bust=53 Waist=47.5 Hips=55.5 Hollow to floor=61 Notice: If you want a customized dress, contacting us freely!",True
false_alarm,PATTERN,,Stripe [PATTERN],short,Skirts,Womens Leopard Skull Tartan Stripe Print Mini Skirt,True
boundary_error,SLEEVE_STYLE,3 / 4 - length sleeves,3 / [SLEEVE_STYLE],short,Shirts & Tops,Sleeves: 3/4-length sleeves,
boundary_error,NECKLINE,"polo with 3 - button placket , flat knit collar",polo [NECKLINE],long,Shirts & Tops,"100% polyester Desert Dry Xtra-Lite D2XL moisture management pique short sleeve polo with 3-button placket, flat knit collar & open sleeves. Antigua branding on right sleeve.",
missed,PATTERN,Stripe,,short,Shirts & Tops,Eagle Men's Regular Fit Non Iron Textured Stripe,
boundary_error,NECKLINE,Dress Shirt,Shirt [NECKLINE],short,Shirts & Tops,Gino Valentino Mens Modern 100% Cotton Dress Shirt White Blue Striped,
false_alarm,SLEEVE_STYLE,,button cuffs [SLEEVE_STYLE],long,Shirts & Tops,"Made from 875-ounce, 100-percent cotton denim thats washed so it feels like its already broken in, the carhartt washed denim work shirt features two chest pockets with flaps and button closures the main seams are triple stitched carhartt style for strength, and the two-button cuffs adjust for a great fit a back yoke with centered box pleat enhances ease of movement throughout the work day spread collar",True
false_alarm,SLEEVE_STYLE,,Tank [SLEEVE_STYLE],short,Dresses,Sakkas Watercolor Palm Tree Tank Caftan Short Dress,True
false_alarm,NECKLINE,,Henley [NECKLINE],short,Shirts & Tops,Smartwool NTS Micro 150 Long Sleeve Henley Shirt - Men's,True
missed,LENGTH,Steampunk,,short,Skirts,Women's Plus Belt Steampunk Victorian Inspired Ruffle Asymmetric Petticoat Skirt,
false_alarm,SLEEVE_STYLE,,sleeveless [SLEEVE_STYLE],long,Dresses,This multi coloured metallic skater dress with high rounded neck is a must have this season. The sleeveless design and flared skirt make it the ultimate party dress! Team this dress with some simple heels and let the dress do all the talking.,True
false_alarm,NECKLINE,,- neckline [NECKLINE],long,Dresses,Sleeveless dress in A-line silhouette featuring floral lace overlay and V-neckline,True
boundary_error,PATTERN,Camo,Camo Cargo [PATTERN],short,Pants,Men's Camouflage Hip Hop Harem Sweatpants Camo Cargo Jogging Pants,
false_alarm,NECKLINE,,Dress Shirt [NECKLINE],long,Shirts & Tops,"Isaac Mizrahi knows men's fashion-and so will you, when you're wearing this Pinstripe Design Slim Fit Dress Shirt. Featuring a slim fit to enhance your profile, the shirt is an essential staple for any man's wardrobe. A crisp Spread collar completes this designer dress shirt, while lightweight 100% cotton ensures that you feel as good as you look every time you put it on.",True
false_alarm,NECKLINE,,button down [NECKLINE],short,Shirts & Tops,Chambray western inspired long sleeve button down shirt.,True
boundary_error,LENGTH,maxi,maxi dress [LENGTH],short,Dresses,Sleeveless scoop neck blouson tie waist color block maxi dress,
false_alarm,PATTERN,,Galaxy [PATTERN],short,Shirts & Tops,Blittzen Mens V-neck T-shirt Galaxy Sunglasses,True
missed,LENGTH,Maxi,,long,Dresses,Jane's Mall Kids Girls Backless Wave Stripe Maxi Long Sundress Boho Dress Skirt,
boundary_error,NECKLINE,polo tee features a classic button up collar,polo [NECKLINE],long,Shirts & Tops,"This modern, slub polo tee features a classic button up collar with static stripe across chest.",
missed,PATTERN,stripe,,long,Shirts & Tops,"This modern, slub polo tee features a classic button up collar with static stripe across chest.",
missed,PATTERN,Stripe,,short,Shirts & Tops,Disney Girls' Sofia Stripe Short Sleeve T-Shirt,
false_alarm,NECKLINE,,Shirt [NECKLINE],long,Shirts & Tops,Tommy Hilfiger Men's Non Iron Regular Fit Check Spread Collar Dress Shirt,True
missed,LENGTH,Ball Gown,,long,Dresses,Off-shoulder Striped High Waist Tutu Ball Gown Party Club Long Dress Sets,
false_alarm,SLEEVE_STYLE,,Short sleeves [SLEEVE_STYLE],long,Shirts & Tops,Heavily textured slub knit. Jersey-knit T-shirt. Ribbed V-neck. Short sleeves. Straight hem. 100% cotton. Machine wash and tumble dry. Imported.,True
missed,NECKLINE,"Athletic , Collar",,long,Shirts & Tops,"BCPOLO Men's Polo Shirt Short Sleeve Athletic, Collar, Sleeves Point Polo Shirt - Faster moisture absorption / Quick dryness / Unique brightness / Soft touch - Drying rate[30min after washing] - Material: 50% Polyester, 50% Polypropylene - Sleeve: Short Sleeve - Color: 4 color (Black, White, Cobalt, Orange) - Size: XS, S, M, L, XL, XXL - Hand washing and machine washable - Made In Korea Size Measurement(Inches) US XS(Asia S) size - Chest : 37.0 / Shoulder : 15.7 / Length : 26.0 US S(Asia M) size - Chest : 39.4 / Shoulder : 16.5 / Length : 27.2 US M(Asia L) size - Chest : 40.9 / Shoulder : 17.3 / Length : 28.0 US L(Asia XL) size - Chest : 43.3 / Shoulder : 18.1 / Length : 29.1 US XL(Asia XXL) size - Chest : 45.7 / Shoulder : 18.9 / Length : 30.3 US XXL(Asia XXXL) size - Chest : 47.2 / Shoulder : 19.7 / Length : 31.1 - 1 ~ 2cm may vary depending on the measuring position. - Color may vary depending upon monitor specifications or resolution. - The size on the tag is in Asian Size. - Sizes of our products differ from standard US sizes ***(X-Large to XXX-Large).",
false_alarm,SLEEVE_STYLE,,Short Sleeve [SLEEVE_STYLE],long,Shirts & Tops,"BCPOLO Men's Polo Shirt Short Sleeve Athletic, Collar, Sleeves Point Polo Shirt - Faster moisture absorption / Quick dryness / Unique brightness / Soft touch - Drying rate[30min after washing] - Material: 50% Polyester, 50% Polypropylene - Sleeve: Short Sleeve - Color: 4 color (Black, White, Cobalt, Orange) - Size: XS, S, M, L, XL, XXL - Hand washing and machine washable - Made In Korea Size Measurement(Inches) US XS(Asia S) size - Chest : 37.0 / Shoulder : 15.7 / Length : 26.0 US S(Asia M) size - Chest : 39.4 / Shoulder : 16.5 / Length : 27.2 US M(Asia L) size - Chest : 40.9 / Shoulder : 17.3 / Length : 28.0 US L(Asia XL) size - Chest : 43.3 / Shoulder : 18.1 / Length : 29.1 US XL(Asia XXL) size - Chest : 45.7 / Shoulder : 18.9 / Length : 30.3 US XXL(Asia XXXL) size - Chest : 47.2 / Shoulder : 19.7 / Length : 31.1 - 1 ~ 2cm may vary depending on the measuring position. - Color may vary depending upon monitor specifications or resolution. - The size on the tag is in Asian Size. - Sizes of our products differ from standard US sizes ***(X-Large to XXX-Large).",True
false_alarm,SLEEVE_STYLE,,3 [SLEEVE_STYLE],long,Shirts & Tops,"BCPOLO Men's Polo Shirt Short Sleeve Athletic, Collar, Sleeves Point Polo Shirt - Faster moisture absorption / Quick dryness / Unique brightness / Soft touch - Drying rate[30min after washing] - Material: 50% Polyester, 50% Polypropylene - Sleeve: Short Sleeve - Color: 4 color (Black, White, Cobalt, Orange) - Size: XS, S, M, L, XL, XXL - Hand washing and machine washable - Made In Korea Size Measurement(Inches) US XS(Asia S) size - Chest : 37.0 / Shoulder : 15.7 / Length : 26.0 US S(Asia M) size - Chest : 39.4 / Shoulder : 16.5 / Length : 27.2 US M(Asia L) size - Chest : 40.9 / Shoulder : 17.3 / Length : 28.0 US L(Asia XL) size - Chest : 43.3 / Shoulder : 18.1 / Length : 29.1 US XL(Asia XXL) size - Chest : 45.7 / Shoulder : 18.9 / Length : 30.3 US XXL(Asia XXXL) size - Chest : 47.2 / Shoulder : 19.7 / Length : 31.1 - 1 ~ 2cm may vary depending on the measuring position. - Color may vary depending upon monitor specifications or resolution. - The size on the tag is in Asian Size. - Sizes of our products differ from standard US sizes ***(X-Large to XXX-Large).",False
false_alarm,SLEEVE_STYLE,,tank [SLEEVE_STYLE],long,Shirts & Tops,"3/4 Sleeves with Elastic Bottom. Chiffon Fabric. Relaxed Fit. Scoop Neckline with Tie Detail. Abstract Print. This top is perfect for any special occasion! With chiffon fabric, this top is great paired over a tank or tee. The relaxed fit is figure flattering and comfortable while maintaining a stylish look. The abstract print is trendy and fun. This top is perfect paired with a bodycon skirt and heels for a dressy look. Wear with jeans and boots for a more casual vibe. Overall, this top is versatile, and you can't go wrong!! See how to save even more money by checking out our current ""Special Offers and Product Promotions"" located under the product image. This p",True
missed,PATTERN,stripe,,long,Dresses,Add bright color to your wardrobe in this summer dress by Brinley Co. This sleeveless dress features silky lightweight material that highlights a stylish stripe pattern. Extra material on the empire waist and a surplice neckline completes the look. Pair with Brinley Co. wedge sandals for complementing style all season long!,
false_alarm,NECKLINE,,surplice neckline [NECKLINE],long,Dresses,Add bright color to your wardrobe in this summer dress by Brinley Co. This sleeveless dress features silky lightweight material that highlights a stylish stripe pattern. Extra material on the empire waist and a surplice neckline completes the look. Pair with Brinley Co. wedge sandals for complementing style all season long!,True
false_alarm,PATTERN,,Plaid [PATTERN],long,Shirts & Tops,"A reversible shirt that offers the best of two worlds in one stylish package: A traditional plaid on one side, and a straightforward solid on the other. Reversible Plaid Long Sleeve Shirt feature chest pocket. Apparel fit: Standard. Center back length: 26 in / 66 cm. Fabric body: YD Reversible Plaid.",True
false_alarm,SLEEVE_STYLE,,sleeves [SLEEVE_STYLE],long,Dresses,"Features: 3 4 sleeves,wrap v neckline, elastic at waist, floor length A-line floral maxi dress.Form fitting on top and looser from the waist down,roomy for your belly bump and hips",True
boundary_error,LENGTH,Maxi,Maxi Dress [LENGTH],long,Dresses,"100% Brand New Material: Polyester, Spandex, Lace Color: Red and Black Collar: Irregular collar Sleeve: Long Sleeve Style: Maxi Dress Length: Full-Length Pattern: Patchwork Occasion: Party Unique style, create stunning curves, make you more beautiful, fashion, sexy and elegant. Package Content: 1 x Women Dress (Belt Not Included) Size: There are 3 sizes (M/L/XL) available for the following listing. please allow 1-2cm differs due to manual measurement, thanks (All measurement in cm and please note 1cm=0.39inch)",
boundary_error,LENGTH,Full - Length,Full - [LENGTH],long,Dresses,"100% Brand New Material: Polyester, Spandex, Lace Color: Red and Black Collar: Irregular collar Sleeve: Long Sleeve Style: Maxi Dress Length: Full-Length Pattern: Patchwork Occasion: Party Unique style, create stunning curves, make you more beautiful, fashion, sexy and elegant. Package Content: 1 x Women Dress (Belt Not Included) Size: There are 3 sizes (M/L/XL) available for the following listing. please allow 1-2cm differs due to manual measurement, thanks (All measurement in cm and please note 1cm=0.39inch)",
missed,NECKLINE,Oxford Woven Shirt,,long,Shirts & Tops,Daniel Cremieux Signature Men's Long Sleeve Multi-Check Oxford Woven Shirt,
false_alarm,SLEEVE_STYLE,,slip dress [SLEEVE_STYLE],long,Dresses,Love Ady floral print slip dress features a slight sweetheart neckline with adjustable spaghetti straps. This slip dress is constructed of a challis fabrication and secures at the back with a zipper closure. Bust to hem measures approximately 28 inches long. 100% Rayon Dry Clean,True
false_alarm,NECKLINE,,sweetheart neckline [NECKLINE],long,Dresses,Love Ady floral print slip dress features a slight sweetheart neckline with adjustable spaghetti straps. This slip dress is constructed of a challis fabrication and secures at the back with a zipper closure. Bust to hem measures approximately 28 inches long. 100% Rayon Dry Clean,True
false_alarm,SLEEVE_STYLE,,spaghetti straps [SLEEVE_STYLE],long,Dresses,Love Ady floral print slip dress features a slight sweetheart neckline with adjustable spaghetti straps. This slip dress is constructed of a challis fabrication and secures at the back with a zipper closure. Bust to hem measures approximately 28 inches long. 100% Rayon Dry Clean,True
false_alarm,SLEEVE_STYLE,,slip dress [SLEEVE_STYLE],long,Dresses,Love Ady floral print slip dress features a slight sweetheart neckline with adjustable spaghetti straps. This slip dress is constructed of a challis fabrication and secures at the back with a zipper closure. Bust to hem measures approximately 28 inches long. 100% Rayon Dry Clean,True
missed,LENGTH,knee length,,long,Wedding & Bridal Party Dresses,"A vintage inspired favorite, this dress is a knee length party dress. The criss cross front leads into a low back. Can also be worn for other special occasions. Dress length of this style is around 36""-38"". ~~~~~~~~~~~~~~~~~~~~~~~~~~~~~~Custom Order~~~~~~~~~~~~~~~~~~~~~~~~~~~~~~ For Custom Size order, please email us the following measurements after purchase: Measurements(inches or cm): *Bust size __________ *Waist size __________ *Hip size __________ *Height __________ *Heel height __________ *Hollow to hem __________ *Shoulder to Bust __________ *Shoulder to Waist __________ ~~~~~~~~~~~~~~~~~~~~~~~~~~~~~~Useful Links~~~~~~~~~~~~~~~~~~~~~~~~~~~~~~ 1.Fabric Sample service by DaisyFormals (check fabric and colors in person before placing the dress order): http://www.amazon.com/gp/product/B00PI8B4TK 2.15-Days Rush Order service by DaisyFormals (get your dress within 15 days): http://www.amazon.com/gp/product/B00PINU7HK ~~~~~~~~~~~~~~~~~~~~~~~~~~Who is DaisyFormals~~~~~~~~~~~~~~~~~~~~~~~~~~~ Tailored for girls who pursues for Quality, Elegance & Uniqueness, DaisyFormals has been in the industry for a decade and has dressed over 30,000 bridal party and prom events. As a professional dress manufacturer, we have our own design team and experienced tailors. Every single dress product you see in our Amazon store here is designed and made by us, what sets us apart is the spirit of showing the real actual work we made and serve with patience and love. No fancy models or over advertising. We live by the 3 Cs - Craft, Create and Colors.We believe this is what makes life beautiful. Happy Shopping! If you like what you find here, please share us with all the other people you know:)",
false_alarm,NECKLINE,,Round [NECKLINE],long,Shirts & Tops,"Splendid Size Chart A versatile basic that can be dressed up or down. Superbly soft top flaunts a gathered elastic waistband and flap detailing at back. Round neckline and sleeveless construction. Gentle pleating at front. Pull-on design. 100% rayon;Contrast: 95% rayon, 5% spandex;Contrast: 96% rayon, 4% spandex. Machine wash cold, tumble dry low. Made in the USA and imported. Measurements: Length: 27 in Product measurements were taken using size SM (Women's 2-4). Please note that measurements may vary by size.",False
missed,NECKLINE,Dress Shirt,,long,Shirts & Tops,Brand: Rasco Fire Resistant Clothing Hazard Risk Category: HRC 2 - NFPA 70E Compliant Protection: ATPV RATING 9.8 cal/cm2 Laundry Care: Industrial Wash and Home Wash FRC Item Description: - Rasco Flame Resistant Blue Plaid Dress Shirt 7.5 oz 100% Cotton - Long Sleeve Dress FR Shirt - Available in Regular and Long length - 100% Cotton Flame Resistant - 7.5oz Blue Plaid - Button Closure,
false_alarm,PATTERN,,Plaid [PATTERN],long,Shirts & Tops,Brand: Rasco Fire Resistant Clothing Hazard Risk Category: HRC 2 - NFPA 70E Compliant Protection: ATPV RATING 9.8 cal/cm2 Laundry Care: Industrial Wash and Home Wash FRC Item Description: - Rasco Flame Resistant Blue Plaid Dress Shirt 7.5 oz 100% Cotton - Long Sleeve Dress FR Shirt - Available in Regular and Long length - 100% Cotton Flame Resistant - 7.5oz Blue Plaid - Button Closure,True
missed,SLEEVE_STYLE,tank,,long,Shirts & Tops,"Because it is handmade for you, this tank requires a 7-day crafting period before it is shipped.",
missed,NECKLINE,Polo,,long,Shirts & Tops,"The durable Silk Touch Performance Polo wicks moisture, resists snags and thanks to PosiCharge� technology, holds onto its color for a professional look that lasts. There�s just no higher performing polo at this price!",
false_alarm,NECKLINE,,Polo [NECKLINE],long,Shirts & Tops,Legou Mens Polo T-Shirt Solid Polo Tee 10-Color Basic Slim Top Fashion Casual T-Shirt,True
missed,NECKLINE,turtleneck,,long,Dresses,"This is solid long dress, turtleneck, one big pocket from front to side, very heavy material, a little spandex. Can wear in spring, fall, or in winter to match boots, jackets, very chic, casual and stylish. The simple line, loose model and casual style are just for your easy, leisure life! Great for every occasion: working, office, home, streetwear, daytime, travel, holiday, vacation, party, outdoor...... Size Information Style 1 Size L: Length:45.7"",Bust:43.3"",Hip:52.4"",Hem:53.5"",Sleeve with sleeve:29.5"",Sleeve cir:15"",Cuff:8.3"" Style 1 Size XL: Length:45.7"",Bust:55.1"",Hip:52.4"",Hem:53.5"",Sleeve with sleeve:29.5"",Sleeve cir:15"",Cuff:8.3"" Warmly Note : Model size : Height: 5'3"", Weight: 99lb, Color difference : We strive to make our colors as accurate as possible; however, due to individual monitor settings, we cannot guarantee that the color you see on your screen is the exact color of the product. Size difference : This size information is just for reference only,and allow 1-2cm (0.4-0.8"") differences due to manual measurement. Mordenmiss has registered US Trademark ""Mordenmiss"" . This item is only provided by Mordenmiss, and did not authorize any second stores to sell our items. If other seller follow selling our items, please kindly notice us or report to Amazon directly. Mordenmiss only gurantee our quality, we do not guarantee the quality of other sellers.",
false_alarm,LENGTH,,long dress [LENGTH],long,Dresses,"This is solid long dress, turtleneck, one big pocket from front to side, very heavy material, a little spandex. Can wear in spring, fall, or in winter to match boots, jackets, very chic, casual and stylish. The simple line, loose model and casual style are just for your easy, leisure life! Great for every occasion: working, office, home, streetwear, daytime, travel, holiday, vacation, party, outdoor...... Size Information Style 1 Size L: Length:45.7"",Bust:43.3"",Hip:52.4"",Hem:53.5"",Sleeve with sleeve:29.5"",Sleeve cir:15"",Cuff:8.3"" Style 1 Size XL: Length:45.7"",Bust:55.1"",Hip:52.4"",Hem:53.5"",Sleeve with sleeve:29.5"",Sleeve cir:15"",Cuff:8.3"" Warmly Note : Model size : Height: 5'3"", Weight: 99lb, Color difference : We strive to make our colors as accurate as possible; however, due to individual monitor settings, we cannot guarantee that the color you see on your screen is the exact color of the product. Size difference : This size information is just for reference only,and allow 1-2cm (0.4-0.8"") differences due to manual measurement. Mordenmiss has registered US Trademark ""Mordenmiss"" . This item is only provided by Mordenmiss, and did not authorize any second stores to sell our items. If other seller follow selling our items, please kindly notice us or report to Amazon directly. Mordenmiss only gurantee our quality, we do not guarantee the quality of other sellers.",True
false_alarm,NECKLINE,,strapless [NECKLINE],long,Dresses,Summer style at its finest. Gorgeous strapless maxi dress with slimming colorblock sides and pops of neon trim.,True
false_alarm,SLEEVE_STYLE,,tank [SLEEVE_STYLE],short,Shirts & Tops,Sleeveless missoni lace popover with tank and necklace,True
false_alarm,PATTERN,,Floral [PATTERN],short,Wedding & Bridal Party Dresses,Women's Floral Lace Sleeveless Long Bridesmaid Maxi Dress,True
false_alarm,LENGTH,,Dress [LENGTH],short,Wedding & Bridal Party Dresses,Women's Floral Lace Sleeveless Long Bridesmaid Maxi Dress,True
boundary_error,PATTERN,leopard print,leopard [PATTERN],short,Shirts & Tops,"Sexy leopard print women chiffon blouse,comfortable and soft to wear",
false_alarm,SLEEVE_STYLE,,3 / 4 Length [SLEEVE_STYLE],long,Pants,Siam Secrets Capri Fisherman Pants One-size 3/4 Length Yoga Wrap Pants,False
false_alarm,SLEEVE_STYLE,,Long Sleeve [SLEEVE_STYLE],long,Dresses,"Size Type: Regular Style: Blouson Occasion: Casual Dress Length: Above Knee, Mini Sleeve Style: Long Sleeve Material: Chiffon Pattern: Solid",True
missed,LENGTH,Pencil,,long,Skirts,"Womens Monochrome Weaved Pattern Pencil Midi Skirt (Sty) (8/10 (uk 12/14), black/white)",
false_alarm,LENGTH,,Midi [LENGTH],long,Skirts,"Womens Monochrome Weaved Pattern Pencil Midi Skirt (Sty) (8/10 (uk 12/14), black/white)",True
missed,NECKLINE,strapless,,long,Dresses,This gorgeous strapless stripe print dress with it's statement asymmetric hem is a fantastic addtition to this season's wardrobe,
boundary_error,PATTERN,stripe print dress,stripe [PATTERN],long,Dresses,This gorgeous strapless stripe print dress with it's statement asymmetric hem is a fantastic addtition to this season's wardrobe,
false_alarm,LENGTH,,Mini [LENGTH],long,Dresses,LaLaMa Womens Casual Sexy Summer Pleated Prom Chiffon Sundress Mini Short Dress White M,True
missed,PATTERN,Flower,,short,Dresses,Cute Flower and butterfly pattern,
missed,LENGTH,floor,,long,Wedding & Bridal Party Dresses,"If you are not sure about your right size according to the size shart, you are send us your measurement details as list. 1. Bust:___ 2. Waist:____3. Hip:____4. shoulder to shoulder:___5. Waist to floor:____6. Height:____7. shoes high:____(Inch) Note: 1. The real color of the item may be slightly different from the pictures shown on website caused by many factors such as lighting and camera. 2. Please allow slight deviation for the measurement data. Welcome to contact our customer service, there are more options waiting for you!",
false_alarm,LENGTH,,Length [LENGTH],long,Dresses,"Description Sexy long Sleeve knee-Length pencil dress Seductive revealing hollow out waist Low plunging backless complete with midi length dress Size S: length 90cm, sleeve 60cm, hip 101cm M: length 90cm, sleeve 61cm, hip 107cm L: length 92cm, sleeve 62cm, hip 114cm XL: length 92cm, sleeve 64cm, hip 120cm XXL: length 94cm, sleeve 64cm, hip 126cm",False
false_alarm,NECKLINE,,Deep - v [NECKLINE],long,Dresses,VIISHOW Women's Bohemian Strap Deep-v Backless Maxi Long Dress (White),True
false_alarm,LENGTH,,Maxi [LENGTH],long,Dresses,VIISHOW Women's Bohemian Strap Deep-v Backless Maxi Long Dress (White),True
boundary_error,LENGTH,maxi,maxi dress [LENGTH],short,Dresses,NYDJ printed maxi dress - the latest addition to dress collection,
missed,NECKLINE,Strapless,,short,Dresses,Zehui Womens Pleated Strapless Stripe Silm Prom Clubwear Tube Dress,
boundary_error,LENGTH,Ball Gown,Ball [LENGTH],short,Dresses,Zehui Long Maxi Dress Solid Ruffle Neck Sleeveless Evening Ball Gown,
boundary_error,NECKLINE,button - down collar,button - down [NECKLINE],long,Shirts & Tops,Check plaid shirt in a classic fit with button-down collar and patch pocket,
missed,PATTERN,floral,,long,Dresses,Off-the-shoulder shift dress featuring tonal-floral patterning and pom-pom trim,
boundary_error,LENGTH,maxi,maxi dress [LENGTH],long,Dresses,Add a darling dash of free-spirited style to your flower child's wardrobe with this flowing maxi dress woven from oh-so soft cotton.,
missed,LENGTH,Capris,,long,Pants,"Onzie Apparel Size Chart You're a world class gym traveler in these Onzie™ Venice Capris. A sleek legging with a graphic print down left side. Elastic waistband provides a comfortable fit. Cropped cuffs. 82% polyester, 18% spandex. Hand wash, hang dry. Made in the U.S.A. and Imported. Measurements: Waist Measurement: 26 in Outseam: 27 in Inseam: 19 in Front Rise: 7 in Back Rise: 13 in Leg Opening: 10 in Product measurements were taken using size SM/MD, inseam 19. Please note that measurements may vary by size.",
missed,LENGTH,Maxi,,short,Dresses,"Long Length Maxi Kaftan - 54""",
false_alarm,SLEEVE_STYLE,,Tanks [SLEEVE_STYLE],long,Shirts & Tops,Product Name:American Flag Printed Splicing Chiffon Sleeveless T-shirt Womens Vest Tanks Tops Fabric: Chiffon Clothing Style:Fashion Vests Condition: 100% Brand New and High Quality Size Type:Regular,True
false_alarm,PATTERN,,camouflage [PATTERN],long,Shirts & Tops,"The soft side of camouflage in ringspun cotton jersey, built tough to last. 5.5 oz. Officially Licensed REALTREE 100% ringspun cotton print jersey. Back locker patch. Ribbed crew neck (97/3 ringspun cotton/spandex). Taped shoulder-to-shoulder. Double-needle hem sleeves and bottom.",True
boundary_error,SLEEVE_STYLE,Short - sleeve,Short [SLEEVE_STYLE],long,Dresses,Short-sleeve sheath dress in placed geo-floral pattern featuring seaming at waist and yoke,
false_alarm,LENGTH,,gown [LENGTH],long,Dresses,"Alyce gown 35292 is a marvelous, short gown. This dress has a halter style neckline and beading. This Alyce dress is available in an amazing shade of green. The beading continues onto the back of the dress as well.",True
false_alarm,LENGTH,,capris [LENGTH],long,Pants,"This capri is made with a beautiful brocade spandex fabric and runs smaller than our other capris. With a snug fit and unique pattern, this is no ordinary black workout pant! Please order one size larger as this capri runs small!",True
false_alarm,LENGTH,,capri [LENGTH],long,Pants,"This capri is made with a beautiful brocade spandex fabric and runs smaller than our other capris. With a snug fit and unique pattern, this is no ordinary black workout pant! Please order one size larger as this capri runs small!",True
false_alarm,NECKLINE,,V [NECKLINE],long,Dresses,"Tart Size Guide Get the conversations flowing tonight in this Kerry Dress. Modern dress boasts a flirty surplice neckline. Long flared sleeves. V-inset panel at back with zip closure. Straight hemline. 95% modal, 5% spandex;Contrast: 93% polyester, 7% spandex. Machine wash cold, dry flat. Imported. Measurements: Length: 35 in Product measurements were taken using size SM (US 2-4). Please note that measurements may vary by size.",False
boundary_error,NECKLINE,point collar,point [NECKLINE],long,Shirts & Tops,"Button front dress shirt featuring point collar, long sleeves, adjustable cuffs and no pocket",
false_alarm,NECKLINE,,neck [NECKLINE],long,Shirts & Tops,Split-neck sleeveless shirt featuring gathering at collar and contrast piping at placket and armholes,True
boundary_error,SLEEVE_STYLE,Short Sleeved / Sleeves,Short Sleeved [SLEEVE_STYLE],long,Shirts & Tops,"Green Blue Pattern, Men's Thai Silk Shirt Short Sleeved / Sleeves Hawaiian Shirt",
boundary_error,NECKLINE,Hawaiian Shirt,Shirt [NECKLINE],long,Shirts & Tops,"Green Blue Pattern, Men's Thai Silk Shirt Short Sleeved / Sleeves Hawaiian Shirt",
false_alarm,SLEEVE_STYLE,,3 / 4 sleeve [SLEEVE_STYLE],long,Dresses,"Dreamy navy blue paisley & tile art print 3/4 sleeve maxi wrap dress in soft jersey knit. Beautiful symmetrical draping, the print is like very wearable art! Flattering on any size, 94% Polyester 6% Spandex, made in USA. Sizes Small-Junior 3X.",True
boundary_error,NECKLINE,O - neck,- neck [NECKLINE],short,Shirts & Tops,"Short Sleeve, O-neck",
missed,PATTERN,Stripe,,short,Shirts & Tops,ecko Men's Geometric Stripe Tank,
false_alarm,NECKLINE,,High Neck [NECKLINE],short,Wedding & Bridal Party Dresses,Vnaix Bridals High Neck Lace Tulle Long Sleeves Ball Gown Wedding Dress,True
false_alarm,LENGTH,,Gown [LENGTH],short,Wedding & Bridal Party Dresses,Vnaix Bridals High Neck Lace Tulle Long Sleeves Ball Gown Wedding Dress,True
missed,PATTERN,floral,,long,Dresses,"A seductive hollow-out vintage dress rendered in romantic floral lace. Soft lining at the skirt allows a peek of skin at the shoulders, midriff and the whole back. A high neckline adds drama, and a full-length zipper as back closure. It is ultra short cut with scalloped edges. Sleeveless for sexier cooler summer look!",
boundary_error,NECKLINE,high neckline,neckline [NECKLINE],long,Dresses,"A seductive hollow-out vintage dress rendered in romantic floral lace. Soft lining at the skirt allows a peek of skin at the shoulders, midriff and the whole back. A high neckline adds drama, and a full-length zipper as back closure. It is ultra short cut with scalloped edges. Sleeveless for sexier cooler summer look!",
false_alarm,LENGTH,,length [LENGTH],long,Dresses,"A seductive hollow-out vintage dress rendered in romantic floral lace. Soft lining at the skirt allows a peek of skin at the shoulders, midriff and the whole back. A high neckline adds drama, and a full-length zipper as back closure. It is ultra short cut with scalloped edges. Sleeveless for sexier cooler summer look!",False
false_alarm,LENGTH,,short [LENGTH],long,Dresses,"A seductive hollow-out vintage dress rendered in romantic floral lace. Soft lining at the skirt allows a peek of skin at the shoulders, midriff and the whole back. A high neckline adds drama, and a full-length zipper as back closure. It is ultra short cut with scalloped edges. Sleeveless for sexier cooler summer look!",True
missed,NECKLINE,round neckline,,long,Shirts & Tops,"gunny Short-Sleeve T-shirt, 100% cotton, round neckline, tight fit. Pretty t-shirt 100% cotton, available in sizes S, M, L, XL, 2XL, 3XL and in color black. Garment care: hand wash and machine washable.Our t-shirts are printed using ecological solvent-free water based ink containing no dangerous materials. Our inks are compliant with Oeko-Tex standard 100. Measurements S: half chest 20 inch/50 cm, total length 27 inch/69 cm M: half chest 21 inch/53 cm, total length 28 inch/72 cm L: half chest 22 inch/56 cm, total length 29 inch/74 cm XL: half chest 23 inch/58 cm, total length 30 inch/76 cm 2XL: half chest 24 inch/62 cm, total length 31 inch/78 cm 3XL: half chest 25,20 inch/ 64 cm, total length 31,50 inch/ 80 cm",
false_alarm,SLEEVE_STYLE,,3 / 4 sleeve [SLEEVE_STYLE],long,Shirts & Tops,"Description Soft collar and open neckline accents this easy care 3/4 sleeve poplin blouse. Tailored for a woman's curves, the fabric has a soft drape. Perfect for restaurants, hotels or resorts. Embroiders well. 65% Polyester/35% Cotton; 3.5/3.75 oz. wt., 3/4 sleeve blouse with open neck, Contoured side seams and two back darts, Narrow placket with matching buttons, Machine washable and wrinkle resistant, Women's size: XXS-3XL. Care Instructions Machine Wash Warm, Permanent Press, Only Non-Chlorine Bleach when Needed, Tumble Dry Medium, Permanent Press, Remove Promptly, Iron Medium if Needed, May be Dry Cleaned.",True
false_alarm,PATTERN,,Floral [PATTERN],short,Wedding & Bridal Party Dresses,Miusol Women's Long Sleeves Floral Lace Classic Slim Bridesmaid Dress,True
boundary_error,LENGTH,Maxi,Maxi Dress [LENGTH],long,Dresses,"Features: Fashion and Soft touch, Wear comfortable Sexy and nice looking design Suitable for many occasions, such as beach, holiday, casual Soft material and unique style Great gift for your friend or yourself Specifications: Material:Polyester US S(4-6)/Asian Size L(cm/inch): Hip: 118/46.2; Bust: 92/35.88; Length: 140/54.60 US M(8-10)/Asian Size XL(cm/inch): Hip: 128/49.92; Bust: 102/39.78 ; Length: 140/54.60 US L(12-14)/Asian Size XXL(cm/inch): Hip: 138/53.82; Bust: 112/43.68 ; Length: 140/54.60 US XL(16-18)/Asian Size 3XL(cm/inch): Hip: 148/57.72; Bust: 122/47.58; Length: 140/54.60 US 2X(18W-20W)/Asian Size 4XL(cm/inch): Hip: 158/61.62; Bust: 132/51.48; Length: 140/54.60 US 3X(22W-24W)/Asian Size 5XL(cm/inch): Hip: 168/65.52; Bust: 142/55.38; Length: 140/54.60 Color: As the picture shown Notice: The measurement may have 1-3cm (0.39-1.18inch) inaccurate errors. There might be slight colour deviation due to different displays. Package includes: 1 * Maxi Dress",
false_alarm,NECKLINE,,Crew neck [NECKLINE],long,Shirts & Tops,Self-fabric binding to neck and armholes. Crew neck and sleeveless with an athletic fit,True
false_alarm,SLEEVE_STYLE,,tank [SLEEVE_STYLE],long,Shirts & Tops,"Are you a Daryl fan from The Walking Dead?? If so, you will absolutely love wearing this tank ""If Daryl Dies We Riot"" cover up tank.",True
missed,PATTERN,camo print,,long,Coats & Jackets,"FUN AND FUNCTIONAL: Sweatshirt includes a mock neck collar for extra warmth, two hand pockets with hidden zippers, an adjustable drawstring at the bottom, and elastic cuffs. Features bright accent colors with realistic camo print to make the experience all the more exciting.",
false_alarm,NECKLINE,,mock neck collar [NECKLINE],long,Coats & Jackets,"FUN AND FUNCTIONAL: Sweatshirt includes a mock neck collar for extra warmth, two hand pockets with hidden zippers, an adjustable drawstring at the bottom, and elastic cuffs. Features bright accent colors with realistic camo print to make the experience all the more exciting.",False
missed,LENGTH,knee,,long,Pants,"Carhartt products are designed to last--Carhartt double stitches its pants pockets and triple stitches the pant's inseam, helping to ensure your pants will stand up to the most demanding work environments. And an extra layer of fabric where you need it most--in the knee area-helps to ensure long wear even if your job involves a lot of kneeling or squatting.",
false_alarm,SLEEVE_STYLE,,cap sleeves [SLEEVE_STYLE],long,Shirts & Tops,Women's ClimaLite long-sleeve 2-in-1 tee. Great fit and fabric with contrast long sleeves that extend from underneath the cap sleeves. Front graphic is flat ink and iridescent foil. ClimaLite heat transfer on back neck.,True
boundary_error,SLEEVE_STYLE,cap - sleeved,sleeved [SLEEVE_STYLE],long,Shirts & Tops,This officially licensed Wonder Woman juniors tee features the classic Wonder Woman logo on a cap-sleeved fitted tee.,
false_alarm,PATTERN,,plaid [PATTERN],long,Baby & Toddler Dresses,A cute spring or summer dress for your baby or toddler girl from Bonnie Jean. This bright and cheery dress has a fun floral print and is trimmed in plaid at the bottom and sash at the waist that ties in the back.,True
false_alarm,SLEEVE_STYLE,,long - sleeved [SLEEVE_STYLE],long,Coats & Jackets,A classic long-sleeved bomber jacket with varsity-striped rib band trim is updated in a power mesh body and dressed up with multi-colored crystal embellished chest pocket.,True
false_alarm,PATTERN,,paisley [PATTERN],short,Shirts & Tops,"Button-front blouse in paisley with tacked, raglan short sleeves",True
missed,NECKLINE,Henley,,long,Shirts & Tops,Rasco Flame Resistant Henley T Shirt Preshrunk 100% FR Cotton 100% preshrunk cotton 7.1oz FR knit Rib-knit collar and cuffs Three button placket front with FR buttons Left chest pocket 24/7 comfort,
false_alarm,PATTERN,,Striped [PATTERN],short,Shirts & Tops,Striped polo shirt with solid spread collar and two-button placket,True
false_alarm,NECKLINE,,spread collar [NECKLINE],short,Shirts & Tops,Striped polo shirt with solid spread collar and two-button placket,True
missed,SLEEVE_STYLE,buttoned cuffs,,long,Shirts & Tops,"Here is every lady's MUST-HAVE chiffon blouse! Stylish and Comfortable! It's easy to mix and match with any casual or formal bottoms from your closet, and you'll be the ""it"" girl at work, parties or just walking down the street! An essenticial blouse featuring a solf, comfy and lightweight chiffon fabric. Stylish sheer-stripe inset design at shoulder and sleeve. Classic button-down front closure. Full button placket. Standard collar with V-neckline. Long sleeves with buttoned cuffs. Darted bust. High low hemline with curved back hem. Straight silhouette. Relaxed, easy and loose fit. Lightweight. It's great for both day and evening occasions including working, parties, lounging, vacations, or just chilling with friends! This is the one item you can really wear ALL YEAR AROUND!",
false_alarm,NECKLINE,,button - down [NECKLINE],long,Shirts & Tops,"Here is every lady's MUST-HAVE chiffon blouse! Stylish and Comfortable! It's easy to mix and match with any casual or formal bottoms from your closet, and you'll be the ""it"" girl at work, parties or just walking down the street! An essenticial blouse featuring a solf, comfy and lightweight chiffon fabric. Stylish sheer-stripe inset design at shoulder and sleeve. Classic button-down front closure. Full button placket. Standard collar with V-neckline. Long sleeves with buttoned cuffs. Darted bust. High low hemline with curved back hem. Straight silhouette. Relaxed, easy and loose fit. Lightweight. It's great for both day and evening occasions including working, parties, lounging, vacations, or just chilling with friends! This is the one item you can really wear ALL YEAR AROUND!",True
false_alarm,NECKLINE,,V - neckline [NECKLINE],long,Shirts & Tops,"Here is every lady's MUST-HAVE chiffon blouse! Stylish and Comfortable! It's easy to mix and match with any casual or formal bottoms from your closet, and you'll be the ""it"" girl at work, parties or just walking down the street! An essenticial blouse featuring a solf, comfy and lightweight chiffon fabric. Stylish sheer-stripe inset design at shoulder and sleeve. Classic button-down front closure. Full button placket. Standard collar with V-neckline. Long sleeves with buttoned cuffs. Darted bust. High low hemline with curved back hem. Straight silhouette. Relaxed, easy and loose fit. Lightweight. It's great for both day and evening occasions including working, parties, lounging, vacations, or just chilling with friends! This is the one item you can really wear ALL YEAR AROUND!",True
false_alarm,NECKLINE,,dress [NECKLINE],long,Shirts & Tops,"Deluxe, brand name Leonardi paisley dress shirt. Uniquely designed shirt features a high collar. Long sleeve, French cuff (wear with cuff links). Beautiful, woven, jacquard fabric with sheen 100% polyester. MSRP $169.",False
boundary_error,NECKLINE,V Neckline,V [NECKLINE],long,Dresses,"""Three-Quarter Sleeve Shift Dress with Abstract Contrast Print Design , V Neckline , Elastic Binding on Armholes , With Lining SELF and LINING: 100% POLYESTER ; Hand wash cold , Do Not Bleach , Lay Flat to Dry IMPORTED""",
false_alarm,NECKLINE,,Shirt [NECKLINE],long,Shirts & Tops,"Lanbaosi Mens Anchor Rudder Print Long Sleeve Dress Shirt, Navy, US XS=Tag M",True
boundary_error,NECKLINE,Square - Neck,Neck [NECKLINE],short,Dresses,BCBGMax Azria Women's Caelan Square-Neck Fitted Dress,
missed,PATTERN,plaids,,long,Shirts & Tops,"Short sleeve applied placket button down shirt has one patch pocket at wearers left chest. The four tone plaids bring in the new rugged colors of the season in a masculine, wearable way.",
boundary_error,NECKLINE,crew neckline,crew [NECKLINE],long,Shirts & Tops,Three-pack set of every day short-sleeve tees with crew neckline,
boundary_error,NECKLINE,polo,polo shirt [NECKLINE],long,Shirts & Tops,PGA TOUR men's performance golf color chest block short-sleeve polo shirt,
missed,PATTERN,Stripe,,short,Shirts & Tops,Nautica Men's Big-Tall Stripe Pique Polo Shirt,
false_alarm,NECKLINE,,Strapless [NECKLINE],short,Dresses,maxandcleo Women's Strapless Floor Length Dress,True
false_alarm,PATTERN,,Camouflage [PATTERN],long,Shirts & Tops,DUCK DYNASTY Men's Group Max 4 Camouflage Short Sleeve T-Shirt,True
boundary_error,LENGTH,knee length,knee [LENGTH],short,Skirts,knee length,
false_alarm,SLEEVE_STYLE,,tank [SLEEVE_STYLE],long,Shirts & Tops,"Whether alone or layered under a shirt, this Men's Pure Combed Cotton Tank Top fits great and feels just right. This men's tank features slimmer athletic cut that delivers better mobility by eliminating the bulk of extra fabric.",True
false_alarm,PATTERN,,stripes [PATTERN],short,Shirts & Tops,Tank top in heathered stripes featuring solid patch pocket at chest,True
false_alarm,PATTERN,,floral [PATTERN],long,Shirts & Tops,Black sleeveless muscle style shirt with large KURT text in floral patterned letters printed on the front. Copyright 2014 The End of Music.,True
false_alarm,LENGTH,,Maxi [LENGTH],long,Dresses,"Ladies Dolman Maxi Dress. This dress features a sexy v-neckline, dolman style sleeves that reach down to the waist, and a dramatic length that can be worn both casually or formally, Approximately 57"" in length, 95% Rayon, 5% Spandex.",True
false_alarm,NECKLINE,,Polo [NECKLINE],short,Coats & Jackets,U.S. Polo Assn. Boys' Chest Striped Bubble Jacket,True
missed,PATTERN,Stripe,,short,Baby & Toddler Dresses,Little Girls 2T-4T Pink White Metallic Stripe Yoke Neckline Linen Dress,
false_alarm,LENGTH,,midi [LENGTH],long,Dresses,"EZON-CH,a new clothing brand.Choose EZON-CH,make your life wonderful. Sultry leather takes action in this midi dress with a key-hole at back and curve hugging fit creating the perfect ravishing soiree look. The midi dress features a body-loving shape, faux leather bodice with sweetheart neckline and padded cups, sleeveless, front side slit and side zipper finished.",True
false_alarm,SLEEVE_STYLE,,sleeveless [SLEEVE_STYLE],long,Dresses,"EZON-CH,a new clothing brand.Choose EZON-CH,make your life wonderful. Sultry leather takes action in this midi dress with a key-hole at back and curve hugging fit creating the perfect ravishing soiree look. The midi dress features a body-loving shape, faux leather bodice with sweetheart neckline and padded cups, sleeveless, front side slit and side zipper finished.",True
false_alarm,NECKLINE,,Crew - neck [NECKLINE],long,Shirts & Tops,Crew-neck T-shirt featuring long sleeves with thumbholes and interlock stitching at back,True
false_alarm,SLEEVE_STYLE,,thumbholes [SLEEVE_STYLE],long,Shirts & Tops,Crew-neck T-shirt featuring long sleeves with thumbholes and interlock stitching at back,True
missed,NECKLINE,Collar,,long,Dresses,Women's Plus Black White Lapel Collar Tuxedo Crossover Wrap Work Blazer Dress,
false_alarm,NECKLINE,,button - down [NECKLINE],long,Shirts & Tops,"This Workrite 220NX-45 long-sleeved red utility shirt has snap cuffs and a western-style yoke. It is made of 4.5-oz. flame-resistant fabric for safety and is 93% Nomex / 5% Kevlar / 2% antistatic fabric. It has two large, double-stitched chest pockets with snaps and a pencil slot on the left pocket. It has a fully finished button-down placket, a two-piece banded collar, and nickel-plated brass snaps on the front, pockets and cuffs. This utility shirt meets National Fire Protection Association (NFPA) 2112 certification for flash fire and is compliant with Hazard Risk Category (HRC) 1. It has an Arc Thermal Protective Value (ATPV) of 4.1. Made in USA and imported.",True
false_alarm,NECKLINE,,banded collar [NECKLINE],long,Shirts & Tops,"This Workrite 220NX-45 long-sleeved red utility shirt has snap cuffs and a western-style yoke. It is made of 4.5-oz. flame-resistant fabric for safety and is 93% Nomex / 5% Kevlar / 2% antistatic fabric. It has two large, double-stitched chest pockets with snaps and a pencil slot on the left pocket. It has a fully finished button-down placket, a two-piece banded collar, and nickel-plated brass snaps on the front, pockets and cuffs. This utility shirt meets National Fire Protection Association (NFPA) 2112 certification for flash fire and is compliant with Hazard Risk Category (HRC) 1. It has an Arc Thermal Protective Value (ATPV) of 4.1. Made in USA and imported.",True
boundary_error,NECKLINE,Halter,Halter Neck [NECKLINE],short,Shirts & Tops,Yoursclothing Plus Size Womens Halter Neck Basic Top,
missed,LENGTH,Long Prom Dress,,long,Dresses,Prodcut Name: DLFASHION Women's V-neck Column Chiffon Formal Long Prom Dress Fabric: Chiffon Embellishment: Crystals and Sequins Silhouette: Column Back: Zipper Back Dress Length: Floor Length,
false_alarm,SLEEVE_STYLE,,tank [SLEEVE_STYLE],long,Shirts & Tops,"Made with 100% organic cotton that's been pre-washed for a soft, relaxed feel, the Manduka tank combines classic styling with daily durability. The contoured chest keeps this tank in place while you reach higher, twist deeper and hold longer.",True
missed,LENGTH,Pencil,,short,Skirts,PurpleHanger Women's Tube Wiggle Pencil Midi Skirt Plus Size,
false_alarm,LENGTH,,Midi [LENGTH],short,Skirts,PurpleHanger Women's Tube Wiggle Pencil Midi Skirt Plus Size,True
boundary_error,SLEEVE_STYLE,Tank Tops,Tank [SLEEVE_STYLE],long,Shirts & Tops,#Gains Men's Stringer Bodybuilding Fitness Muscle Workout Gym Tank Tops Singlet,
false_alarm,NECKLINE,,O Neck [NECKLINE],short,Shirts & Tops,"O Neck,Sleeveless T Shirt",True
missed,NECKLINE,crew neckline,,short,Dresses,Solid-tone sheath dress featuring crew neckline and square arm holes,
boundary_error,NECKLINE,plunge neckline,neckline [NECKLINE],long,Dresses,"This glam prom dress features an all over glitter material and tank straps. The plunge neckline is so pretty and unique, and the shutter skirt ensures a fitted, flattering look. Pair with dangling silver earrings and pumps.",
boundary_error,PATTERN,Stripe Rainbow Dress,Stripe [PATTERN],short,Dresses,Mara Hoffman Women's Flag Stripe Rainbow Dress,
boundary_error,LENGTH,Mid - Calf,Calf [LENGTH],long,Dresses,Vfemage Plus Size Womens V Neck Ruched Casual Party Mid-Calf Midi Dress,
false_alarm,PATTERN,,stripes [PATTERN],long,Dresses,Short-sleeve dress in bold color-blocked stripes featuring vented tulip hem and exposed back zipper,True
false_alarm,NECKLINE,,Round Neck [NECKLINE],long,Shirts & Tops,"Name Womens Batwing Sleeve Blouse Round Neck Solid Shirring Dolman Top Item Type Casual & Sexy Style Round Neck & Off shoulder Gender Women Material For Shirt Cotton Blend Color Black, White, Grey, Red, Blue,Purple Size Details(inches) Size S : Bust=30.3, Waist=25.2, Hip=31.4, Sleeve Length=35.4, Sleeve Width=13.4 Size M : Bust=32.2, Waist=27.1, Hip=33.4, Sleeve Length=39.3, Sleeve Width=13.8 Size L : Bust=34.2, Waist=29.1, Hip=35.4, Sleeve Length=39.7, Sleeve Width=14.1 Size XL :Bust=36.2, Waist=30.7, Hip=37.3, Sleeve Length=40.1, Sleeve Width=14.5 Sleeve Length Short Sleeve Pattern Loose Top, Round Neck Package Includes - 1 x Tunic Top Open Shoulder Tops are the perfect style for any season and occasion! its Style is Sexy and New but it is easy to care also Ready to show off your sexy shoulders in this warm summer days Do not wash and dry this tee or it will wrinkle, hang dry.",True
false_alarm,NECKLINE,,Neck [NECKLINE],long,Shirts & Tops,"Name Womens Batwing Sleeve Blouse Round Neck Solid Shirring Dolman Top Item Type Casual & Sexy Style Round Neck & Off shoulder Gender Women Material For Shirt Cotton Blend Color Black, White, Grey, Red, Blue,Purple Size Details(inches) Size S : Bust=30.3, Waist=25.2, Hip=31.4, Sleeve Length=35.4, Sleeve Width=13.4 Size M : Bust=32.2, Waist=27.1, Hip=33.4, Sleeve Length=39.3, Sleeve Width=13.8 Size L : Bust=34.2, Waist=29.1, Hip=35.4, Sleeve Length=39.7, Sleeve Width=14.1 Size XL :Bust=36.2, Waist=30.7, Hip=37.3, Sleeve Length=40.1, Sleeve Width=14.5 Sleeve Length Short Sleeve Pattern Loose Top, Round Neck Package Includes - 1 x Tunic Top Open Shoulder Tops are the perfect style for any season and occasion! its Style is Sexy and New but it is easy to care also Ready to show off your sexy shoulders in this warm summer days Do not wash and dry this tee or it will wrinkle, hang dry.",True
boundary_error,NECKLINE,scoop neckline,scoop [NECKLINE],long,Dresses,"The fabric has a woven polka dot pattern set off by the intricate neckline design. Petal shaped, embroidered open work hugs the scoop neckline",
missed,LENGTH,Maxi,,long,Dresses,Meaneor Women Long 3 4 Sleeve Solid Plus Size Maxi Long Evening Party Dress,
false_alarm,SLEEVE_STYLE,,Long [SLEEVE_STYLE],long,Dresses,Meaneor Women Long 3 4 Sleeve Solid Plus Size Maxi Long Evening Party Dress,False
false_alarm,SLEEVE_STYLE,,4 Sleeve [SLEEVE_STYLE],long,Dresses,Meaneor Women Long 3 4 Sleeve Solid Plus Size Maxi Long Evening Party Dress,False
boundary_error,NECKLINE,crew neck,crew [NECKLINE],long,Shirts & Tops,"The simple yet stylish A-Shirt to show your confidence, you are the star in your world! Especially made for those who love sports and gym. - Available in a wide range of colors, designed to match with any pair of shorts or sweats for a classic, sporty look. - Exceptionally soft and comfortable, not only do they look aesthetically appealing, but they feel and fit phenomenally well, also! - Classic crew neck, perfect for sports and good enough to wear outside of the gym going casual. Warm Tips: - Label mark: the Asain label mark is marked 2 size larger than US size. For example: if you bid XS on Amazon, and you may receive the shirt with tag mark M which is Asain size . - The T-shirts are elastic and stretchy , are close-fitting type , so they may be a little tighter than the ordinary one, please consider one size larger if you prefer loose clothing. Size Chart Suggestion: The T-shirts are comparably smaller than below size chart, we would recommend one size larger if you prefer loose clothing. US XXS = Asian S = 5'2""-5'4""/160-165cm, 110lbs-135lbs/50-60kg US XS = Asain M = 5'4""-5'6""/165-170cm, 135lbs-145lbs/60-65kg US S = Asain L = 5'6""-5'7""/170-175cm, 145lbs-155lbs/65-70kg US M = Asain XL = 5'7""-5'9""/175-180cm, 155lbs-165lbs/70-75kg US L=Asain XXL = 5'9""-6'1""/180-185cm, 165lbs-175lbs/75-80kg US XL = Asain XXXL = 6'1""-6'3""/185-190cm, 175lbs-185lbs/80-85kg Please take a few minutes to check sizing information. If you're not sure about your size, fell free to tell us your weight, bust and height in lbs(kgs) and inches(cm). We would be glad to help you make the choice. Thanks!",
false_alarm,SLEEVE_STYLE,,long sleeve [SLEEVE_STYLE],long,Shirts & Tops,"Short Sleeves. Front Pouch Pockets. Hood. Zip Up. This top is perfect for the Fall and Winter seasons! The hood along with the zip up front are both elements that create a practical and comfortable look. Wear fully zipped for full coverage, or wear unzipped to show a blouse underneath! The pouch pockets are great for keeping your fingers warm! Layer over a long sleeve tee or knit sweater, and pair with boots and your favorite jeans for a cute and casual cool weather look! Wear to school, work, holiday get togethers, casual outtings, dates, movie nights, lounging around, and more! See how to save even more money by checking out our current ""Special Offers and Product Promotions"" located under the product image. This product is eligible for free shipping with Amazon Prime.",True
missed,LENGTH,Long,,short,Skirts,Maple Clothing Womens Long Indian Skirt Rayon Golden Printed Apparel,
false_alarm,NECKLINE,,button down [NECKLINE],long,Shirts & Tops,"Basic casual classic plaid printed short sleeve shirt. Relaxed fit, classic collar and center front button down closure.",True
false_alarm,PATTERN,,Plaid [PATTERN],long,Shirts & Tops,"Columbia Men's Silver Ridge Plaid Long Sleeve Shirt, Windswept Small Plaid, X-Large",True
missed,NECKLINE,button down,,long,Shirts & Tops,"This top features a butterfly-collar, flowy short sleeves, button down front, and a belted tie waist. Which will go great with a pair of boyfriend jeans and ankle booties for a day to night look.",
false_alarm,SLEEVE_STYLE,,short sleeves [SLEEVE_STYLE],long,Shirts & Tops,"This top features a butterfly-collar, flowy short sleeves, button down front, and a belted tie waist. Which will go great with a pair of boyfriend jeans and ankle booties for a day to night look.",True
false_alarm,NECKLINE,,collar [NECKLINE],long,Shirts & Tops,"Prestige 77 fabric: Wrinkle resistant. Quick-drying and moisture-wicking. Anti-odor capabilities that keep you fresh. Four-way stretch for an enhanced range of motion. Fold-down collar. Three-button placket. Short sleeves. TM logo embroidered at left chest. Straight hem with vented sides. 51% cotton, 40% polyester, 9% Lycra. Machine wash, tumble dry.",True
false_alarm,NECKLINE,,scoop neck [NECKLINE],short,Shirts & Tops,Basic tank with scoop neck,True
false_alarm,SLEEVE_STYLE,,sleeveless [SLEEVE_STYLE],long,Dresses,"Womens a-line chiffon long dress, v-neck, sleeveless, v back, splicing see through mesh design, concealed zipper at back, floor-length",True
false_alarm,SLEEVE_STYLE,,3 [SLEEVE_STYLE],long,Dresses,"Polka dot printed, 3/4 sleeved length, knee length dress with belt.",False
false_alarm,SLEEVE_STYLE,,4 [SLEEVE_STYLE],long,Dresses,"Polka dot printed, 3/4 sleeved length, knee length dress with belt.",False
boundary_error,NECKLINE,Dress Shirt,Shirt [NECKLINE],short,Shirts & Tops,Southpole Men's Short Sleeve Button Down Dress Shirt,
false_alarm,NECKLINE,,Button Down [NECKLINE],short,Shirts & Tops,Southpole Men's Short Sleeve Button Down Dress Shirt,True
boundary_error,LENGTH,Maxi,Maxi Dress [LENGTH],long,Dresses,"Seraphine?s Tropical Braided Maternity Maxi Dress works perfectly in every stage of pregnancy. The maxi length drapes to the floor in soft stretch jersey to allow plenty of room for your growing curves. Stylish braided detailing at the shoulders and empire waist emphasize your shape, ensuring a flattering fit before, during & after pregnancy. Featuring a bold tropical floral print in violet, blue and fiery orange, this maternity maxi dress is the perfect style to brighten up your look. 95% Viscose 5% Elastane",
false_alarm,LENGTH,,maxi [LENGTH],long,Dresses,"Seraphine?s Tropical Braided Maternity Maxi Dress works perfectly in every stage of pregnancy. The maxi length drapes to the floor in soft stretch jersey to allow plenty of room for your growing curves. Stylish braided detailing at the shoulders and empire waist emphasize your shape, ensuring a flattering fit before, during & after pregnancy. Featuring a bold tropical floral print in violet, blue and fiery orange, this maternity maxi dress is the perfect style to brighten up your look. 95% Viscose 5% Elastane",True
false_alarm,PATTERN,,plaid [PATTERN],long,Shirts & Tops,"Volcom is a brand bred in the wild west. Share some of our heritage with the why factor plaid. This button up plaid shirt is anything but traditional with its asymmetrical back yoke, front shoulder drop and stone embroidery you will surely go the full eight seconds.",True
missed,LENGTH,Maxi,,short,Dresses,Boho Gold Trim Strap Chiffon Maxi Long Cocktail Night Evening Shimmery Dress,
boundary_error,LENGTH,Short Chiffon Dress,Short Chiffon [LENGTH],short,Dresses,Donna Morgan Women's Sophie Short Chiffon Dress with Beaded Neck,
false_alarm,SLEEVE_STYLE,,Camisole [SLEEVE_STYLE],short,Dresses,Loose Soft short Sleeve Control Camisole For Women.,True
false_alarm,NECKLINE,,button down [NECKLINE],long,Shirts & Tops,Men's long sleeve cotton flannel shirt. this shirt has a collar with seven button down front. it has small check plaid print with black and teal pop colors.,True
false_alarm,PATTERN,,plaid [PATTERN],long,Shirts & Tops,Men's long sleeve cotton flannel shirt. this shirt has a collar with seven button down front. it has small check plaid print with black and teal pop colors.,True
missed,SLEEVE_STYLE,flutter sleeve,,long,Dresses,"Short, flutter sleeve, V-Neck matte jersey top. All over rouching on the bodice. The bottom of the dress is solid black matte jersey with shutter detail.",
false_alarm,NECKLINE,,O - neck [NECKLINE],long,Dresses,"Specifications: 100% Brand New. Brand: Zeagoo Collar: O-neck Pocket: No Sleeve: Sleeveless Zipper: No Dress Length: Above Knee Decor: Lace Occasion: Casual, Party Garment Care: Hand-wash and Machine washable, Dry Clean 4 Sizes available, Please Use similar clothing to compare with the size. S (US S(6) ,UK 8, AU 10)----------Bust 32.8-35.1""------Waist 26.5-29.3""------Hip 33.2-35.9""------Length 33.5"" M (US M(8-10),UK 10, AU 12)----Bust 33.5-35.9""------Waist 27.7-30.4""-------Hip 33.9-36.7------Length 34.3"" L (US L(12),UK 14, AU 16)--------Bust 35.5-38.2""------Waist 29.6-32.0""""------Hip 35.5-38.6""------Length 35.1"" XL (US XL(16),UK 18, AU 20)-----Bust 36.7-39.8""------Waist 31.2-33.5""------Hip 37.1-39.8""------Length 35.5"" Package Content: 1 x Women Dress",True
false_alarm,LENGTH,,Above Knee [LENGTH],long,Dresses,"Specifications: 100% Brand New. Brand: Zeagoo Collar: O-neck Pocket: No Sleeve: Sleeveless Zipper: No Dress Length: Above Knee Decor: Lace Occasion: Casual, Party Garment Care: Hand-wash and Machine washable, Dry Clean 4 Sizes available, Please Use similar clothing to compare with the size. S (US S(6) ,UK 8, AU 10)----------Bust 32.8-35.1""------Waist 26.5-29.3""------Hip 33.2-35.9""------Length 33.5"" M (US M(8-10),UK 10, AU 12)----Bust 33.5-35.9""------Waist 27.7-30.4""-------Hip 33.9-36.7------Length 34.3"" L (US L(12),UK 14, AU 16)--------Bust 35.5-38.2""------Waist 29.6-32.0""""------Hip 35.5-38.6""------Length 35.1"" XL (US XL(16),UK 18, AU 20)-----Bust 36.7-39.8""------Waist 31.2-33.5""------Hip 37.1-39.8""------Length 35.5"" Package Content: 1 x Women Dress",True
missed,LENGTH,Maxi,,long,Dresses,Sexy Women's Maxi Sleeveless Floral Casual Summer Beach Party Long Chiffon Dress,
false_alarm,NECKLINE,,v - neck [NECKLINE],long,Dresses,"Sleeveless v-neck geometry pattern dress,small exposed sexy, fine workmanship,more stylish.",True
boundary_error,LENGTH,maxi,maxi dress [LENGTH],long,Dresses,PLUS SIZE - This stunning design is available as a plus size maxi dress,
false_alarm,PATTERN,,plaid [PATTERN],long,Shirts & Tops,"Brave the cold while looking fashionable in the PGA TOUR men's long sleeve four color plaid down woven shirt. Whether you're having a casual day or night, a men's plaid button-down shirt is the perfect piece to pair with khakis for that 'casual-cool' effect.",True
false_alarm,NECKLINE,,button - down [NECKLINE],long,Shirts & Tops,"Brave the cold while looking fashionable in the PGA TOUR men's long sleeve four color plaid down woven shirt. Whether you're having a casual day or night, a men's plaid button-down shirt is the perfect piece to pair with khakis for that 'casual-cool' effect.",True
boundary_error,SLEEVE_STYLE,spaghetti strap,strap [SLEEVE_STYLE],long,Dresses,This long gown has a classis spaghetti strap style with floral accents on the padded bust with an empire waist accentuated with a rhinestone broche. Its long bottom skirt has accordion pleats to complete the elegant look.,
false_alarm,SLEEVE_STYLE,,Sleeveless [SLEEVE_STYLE],long,Dresses,viscose New womens toga maxi dress. Sleeveless vest style bodice with a scoop neckline. Toga style with an elasticated waist. Long maxi length. Length shoulder to hem 57 inches,True
false_alarm,NECKLINE,,neckline [NECKLINE],long,Dresses,viscose New womens toga maxi dress. Sleeveless vest style bodice with a scoop neckline. Toga style with an elasticated waist. Long maxi length. Length shoulder to hem 57 inches,False
false_alarm,LENGTH,,maxi [LENGTH],long,Dresses,viscose New womens toga maxi dress. Sleeveless vest style bodice with a scoop neckline. Toga style with an elasticated waist. Long maxi length. Length shoulder to hem 57 inches,True
boundary_error,PATTERN,leopard print,leopard [PATTERN],short,Shirts & Tops,Long sleeved crossover draped front leopard print blouse,
false_alarm,LENGTH,,mini [LENGTH],long,Shirts & Tops,"Description A beautiful 5 oz, wrinkle-resistant blend of 50% rayon/50% polyester microfibers in a time tested classic mini-houndstooth design, The perfect shirt to wear for all day performance, This women's long sleeve shirt also features a two-button cuff and yoke back, X Small - 4X Large.",True
false_alarm,LENGTH,,Gown [LENGTH],long,Dresses,Women's Sexy Lace Floral Tunic Gown Party Cocktail Dress Evening Mini Dress (Green),True
false_alarm,NECKLINE,,oxford shirt [NECKLINE],short,Shirts & Tops,Short sleeve horizontal stripe oxford shirt,True
wrong_label,LENGTH,SHORT SPAGHETTI STRAP SUN DRESS,SPAGHETTI STRAP [SLEEVE_STYLE],long,Dresses,HAWAIIAN BLUE HIBISCUS TROPICAL SHORT SPAGHETTI STRAP SUN DRESS- ONE SIZE (S-L)-tc085,
boundary_error,LENGTH,Maxi,Maxi Dress [LENGTH],long,Dresses,Roiii Vintage Women Summer Boho Hippie Floral Print Full Length Casual Cocktail Party V Neck Maxi Dress,
missed,PATTERN,Stripe,,short,Dresses,LAmade Women's Marble Micro Stripe Jersey Halter Maxi Dress,
missed,NECKLINE,Polo,,long,Shirts & Tops,This Exceed Men's Black East Carolina Pirates made of 100% Polyester and has an Embroidered Logo on Left Chest. Polo Runs big,
false_alarm,NECKLINE,,Round [NECKLINE],long,Dresses,"Sleeveless shift dress in polyester satin back crepe. Elaborate palm leaf embroidery flaunts sequin accents. Straight cut. Round neckline and V-back. Straight hem. Exposed back zip closure with novelty zipper pull. Lined. 100% polyester. Hand wash, dry flat.",False
missed,PATTERN,striped,,long,Coats & Jackets,"Sparkle and Shine in the Chicest Way! We love the bling, but this University of South Carolina Sequins Track Jacket might be the chicest and most fashionable way to bling it on! Black french terry jacket with tonal black striped sequins in chevron pattern. Embroidered logo at left sleeve hem.",
boundary_error,LENGTH,maxi skirt,skirt [LENGTH],long,Skirts,"Look and feel great all day in this comfortable and chic maxi skirt. This piece features a high banded waist, horizontal stripe print, and floor length. Pair with a cute top and heels to complete this chic look.",
missed,PATTERN,stripe,,long,Skirts,"Look and feel great all day in this comfortable and chic maxi skirt. This piece features a high banded waist, horizontal stripe print, and floor length. Pair with a cute top and heels to complete this chic look.",
boundary_error,LENGTH,floor length,length [LENGTH],long,Skirts,"Look and feel great all day in this comfortable and chic maxi skirt. This piece features a high banded waist, horizontal stripe print, and floor length. Pair with a cute top and heels to complete this chic look.",
missed,LENGTH,Long,,short,Skirts,Jessica London Women's Plus Size Bi-Stretch Long Suit Skirt,
missed,LENGTH,long,,long,Skirts,"With fashion jewelry inspired over long waist strings decorated with wooden beads, silver bells and peacock feathers. You may wear it as necklace as well since it is detachable. It is detachable so that you can machine wash the skirt.",
boundary_error,SLEEVE_STYLE,long sleeve,sleeve [SLEEVE_STYLE],long,Shirts & Tops,"Look AMAZING wearing our classic crew neckline long sleeve t-shirt, 100% combed-cotton. Wear it day or night for an instantly awesome look!",
false_alarm,NECKLINE,,crew [NECKLINE],long,Shirts & Tops,"Look AMAZING wearing our classic crew neckline long sleeve t-shirt, 100% combed-cotton. Wear it day or night for an instantly awesome look!",False
false_alarm,NECKLINE,,V - neck [NECKLINE],long,Dresses,"V-neck spaghetti strap ,criss cross back, wide hem swing sundress and with lined.",True
boundary_error,LENGTH,full - length,- [LENGTH],long,Dresses,"This is a V-neck style full-length solid color maxi dress made of soft. Comfortable looser fit. Softly contours the body. Braided neck straps. Color: Available in black, red, purple, blue. Size : Available in L to 6X-Large. Easy care: Machine wash/Hang to dry. May need to be ironed (or steamed) prior to first wear (due to package folding) but after first wash, hang to dry and generally no ironing is required. Notice: 1. The color of the actual item may slightly vary from the pictures shown on website caused by brightness of your monitor and light brightness. 2. Compare the detail sizes with yours. Please allow slight deviation(1-3cm) for the measurement data due to hand measurement.Thanks! 3. Please kindly think twice about the Color & Style, and confirm your Size before you buy the item!",
boundary_error,LENGTH,maxi,maxi dress [LENGTH],long,Dresses,"This is a V-neck style full-length solid color maxi dress made of soft. Comfortable looser fit. Softly contours the body. Braided neck straps. Color: Available in black, red, purple, blue. Size : Available in L to 6X-Large. Easy care: Machine wash/Hang to dry. May need to be ironed (or steamed) prior to first wear (due to package folding) but after first wash, hang to dry and generally no ironing is required. Notice: 1. The color of the actual item may slightly vary from the pictures shown on website caused by brightness of your monitor and light brightness. 2. Compare the detail sizes with yours. Please allow slight deviation(1-3cm) for the measurement data due to hand measurement.Thanks! 3. Please kindly think twice about the Color & Style, and confirm your Size before you buy the item!",
missed,PATTERN,Stripe,,short,Shirts & Tops,Kenneth Cole New York Men's Stripe Polo Shirt,
boundary_error,NECKLINE,button - down collar,button [NECKLINE],long,Shirts & Tops,"Classic Oxford styling with pearl buttons and button-down collar. Mitred chest pocket. Weight: 130-135g/m. Fabric: 70% Cotton, 30% Polyester. S (14.5-15: Neck (ins)). M (15.5: Neck (ins)). L (16-16.5: Neck (ins)). XL (17-17.5: Neck (ins)). 2XL (18: Neck (ins)). 3XL (18.5-19: Neck (ins)). FRUIT OF THE LOOM - a brand steeped in tradition, offering a comprehensive range of garments.",
missed,PATTERN,CAMO,,short,Pants,STASHABLE REVERSIBLE GORE-TEX® FABRIC TROUSERS WOODLAND TO DESERT 3 CAMO,
false_alarm,PATTERN,,Flowers [PATTERN],short,Shirts & Tops,Flowers by Zoe Big Girls' Cloud Layered Aztec Tank,True
boundary_error,LENGTH,maxi dress,maxi [LENGTH],short,Dresses,Sleeveless maxi dress featuring floral pattern at center and long pleated skirt,
false_alarm,SLEEVE_STYLE,,Sleeveless [SLEEVE_STYLE],short,Dresses,Sleeveless maxi dress featuring floral pattern at center and long pleated skirt,True
false_alarm,PATTERN,,floral [PATTERN],short,Dresses,Sleeveless maxi dress featuring floral pattern at center and long pleated skirt,True
false_alarm,SLEEVE_STYLE,,Long sleeves [SLEEVE_STYLE],long,Shirts & Tops,"Spread collar, button placket.Long sleeves with one-button cuffs.",True
false_alarm,SLEEVE_STYLE,,button cuffs [SLEEVE_STYLE],long,Shirts & Tops,"Spread collar, button placket.Long sleeves with one-button cuffs.",True
boundary_error,PATTERN,Leopard print,Leopard [PATTERN],long,Coats & Jackets,Ladies polyester-filled semi-fitted stadium with pillow collar. Zip-front with placket and elongated snap closure. Detachable faux fox fur trimmed hood. J-entry pockets. Leopard print lining.,
missed,LENGTH,Mini,,long,Dresses,Nautica Big Girls' Pique Dress with Mini Stripe Waist Sash and Eyelet Hem,
false_alarm,PATTERN,,Stripe [PATTERN],long,Dresses,Nautica Big Girls' Pique Dress with Mini Stripe Waist Sash and Eyelet Hem,True
missed,PATTERN,Camo,,long,Shirts & Tops,Tommy Hilfiger Kids Boy's Camo Printed Long Sleeve Shirt (Big Kids),
missed,SLEEVE_STYLE,01286_LONGSLEEVE,,short,Shirts & Tops,Item model number: 01286_LONGSLEEVE,
wrong_label,LENGTH,Short,Short Sleeves [SLEEVE_STYLE],short,Dresses,Persun Women Short Sleeves Sheer Panel Shift Mini Dress Navy Blue,
boundary_error,SLEEVE_STYLE,Sleeves,Short Sleeves [SLEEVE_STYLE],short,Dresses,Persun Women Short Sleeves Sheer Panel Shift Mini Dress Navy Blue,
false_alarm,NECKLINE,,High neck [NECKLINE],short,Shirts & Tops,High neck tunic length drape tank with slightly dropped armholes,True
false_alarm,LENGTH,,Skater Skirt [LENGTH],long,Skirts,"Midi skirt (No Elastic Waist), Pleated Skater Skirt, Swing Skirt, Back Pockets, Comfortable fit.",True
false_alarm,NECKLINE,,V - [NECKLINE],long,Dresses,Step out in warm weather with this fashionable empire waist dress by Journee Collection. A woven detail around the V-neckline and adjustable spaghetti straps complete the look of this floral print dress.,False
false_alarm,NECKLINE,,Strapless [NECKLINE],short,Dresses,Adrianna Papell Women's Strapless Gown With Beaded Waist,True
false_alarm,SLEEVE_STYLE,,long sleeve [SLEEVE_STYLE],long,Dresses,"Material:nylon and polyester. Decoration: solid collar. Collar:v neck. Sleeve:long sleeve. Style: Fashion. Season:spring,summer,winter,autumn. Size(CM) : Front Length:S:72,M:73,L:74,XL:75. Back Length:S:82,M:83,L:84,XL:85. Bust:S:88,M:92,L:96,XL:100. Sleeve:S:59,M:59,L:60,XL:60. Shoulder: S:37,M:38,L:39,XL:40.",True
boundary_error,NECKLINE,Button - down,Button [NECKLINE],short,Shirts & Tops,Button-down point collar with applied buttoned placket,
false_alarm,NECKLINE,,point collar [NECKLINE],short,Shirts & Tops,Button-down point collar with applied buttoned placket,True
boundary_error,NECKLINE,polo also features open sleeves and a self - collar,- collar [NECKLINE],long,Shirts & Tops,"For a smart and stylish short sleeve polo, try the cubavera essential polo. This casual shirt combines form and function. The 100 percent polyester fabric offers moisture wicking to keep you dry, and the ottoman texture lends it a rich feel. This polo also features open sleeves and a self-collar with a three button placket and wooden buttons",
false_alarm,NECKLINE,,polo [NECKLINE],long,Shirts & Tops,"For a smart and stylish short sleeve polo, try the cubavera essential polo. This casual shirt combines form and function. The 100 percent polyester fabric offers moisture wicking to keep you dry, and the ottoman texture lends it a rich feel. This polo also features open sleeves and a self-collar with a three button placket and wooden buttons",True
false_alarm,NECKLINE,,V [NECKLINE],long,Dresses,"Sleeveless lace sheath dress with V neckline, princess seams, lace bodice and lace peplum",False
missed,LENGTH,long,,long,Skirts,"Featuring an adjustable drawstring waist, the Long Boho Floral Maxi Skirt will fit women with waist sizes between 34 and 38 with ease. At 40 inches long, these cotton skirts are perfect for women of any height. Just add heels, wedges or platforms to lift the hemline!",
false_alarm,NECKLINE,,v - neck [NECKLINE],long,Dresses,"Santiki maxi dress with v-neck and cap sleeves. Eye-catching bursts of tie-dye artfully placed at the left hip and right shoulder as well as around the bottom. Flattering empire silhouette. Easy to pack for your island vacation and well suited for a summer day at the beach. 100% Rayon Machine wash, cold water, delicate cycle, hang dry",True
boundary_error,LENGTH,maxi,maxi dress [LENGTH],long,Dresses,"A long and lean maxi dress with a gorgeous print is just what your warm weather wardrobe needs. This Strapless Maxi Dress in Cream is an absolute necessity that exudes class and sophistication wherever it goes. Style this maxi to perfection with your favorite sandals, flats or wedges. With its chic style and gorgeous silhouette, this dress will take you from day to night effortlessly.",
boundary_error,LENGTH,Maxi,Maxi Dress [LENGTH],long,Dresses,"A long and lean maxi dress with a gorgeous print is just what your warm weather wardrobe needs. This Strapless Maxi Dress in Cream is an absolute necessity that exudes class and sophistication wherever it goes. Style this maxi to perfection with your favorite sandals, flats or wedges. With its chic style and gorgeous silhouette, this dress will take you from day to night effortlessly.",
false_alarm,SLEEVE_STYLE,,3 [SLEEVE_STYLE],short,Pants,4-rth Womens 3/4 Cuffed Capri Yoga Pant,False
false_alarm,LENGTH,,maxi [LENGTH],long,Dresses,"FOR SPRING, SUMMER & FALL: Welcome the season in this flattering and colorful maxi dress. Theres always an occasion for a tie-dye maxi dress. Wear this to the beach or layer with a jacket or a cozy cardigan to warm you up for the chillier months.",True
false_alarm,NECKLINE,,v - neckline [NECKLINE],long,Shirts & Tops,"Our Sleeveless Button Plus Size Shirt is a great piece for day or night wear. It features a flat collar, v-neckline with a center front button placket, back yoke with small gathered details, finished off with a natrual waist length and a rounded hemline. This top can be paired with a a line skirt or a simple pant layered with a blazer for a business casual look.",True
missed,NECKLINE,dress shirt,,long,Shirts & Tops,"Tailorbyrd Tall Mens Long Sleeve Fashion Stripe Shirt This long sleeve button down dress shirt by Tailorbyrd has exclusive trims, exquisite cotton and superb needle coupled with the finest hand and color saturation. 100% cotton Spread collar Long sleeves with one button adjustable cuff Button through sleeve placket Contrast fabric inside neck, cuffs, and front placket Embroidered graphic logo on front bottom hem Front placket with logo buttons Machine wash Style # D8204-TALL",
false_alarm,NECKLINE,,button down [NECKLINE],long,Shirts & Tops,"Tailorbyrd Tall Mens Long Sleeve Fashion Stripe Shirt This long sleeve button down dress shirt by Tailorbyrd has exclusive trims, exquisite cotton and superb needle coupled with the finest hand and color saturation. 100% cotton Spread collar Long sleeves with one button adjustable cuff Button through sleeve placket Contrast fabric inside neck, cuffs, and front placket Embroidered graphic logo on front bottom hem Front placket with logo buttons Machine wash Style # D8204-TALL",True
missed,NECKLINE,collar,,long,Dresses,Classic style wrap dress with collar made from a block stripe print fabric.,
false_alarm,SLEEVE_STYLE,,Sleeveless [SLEEVE_STYLE],short,Dresses,Ingrid & Isabel Women's Maternity Sleeveless Wrap Maxi Dress,True
boundary_error,LENGTH,Short Mini Party Cocktail Dress,Short Mini [LENGTH],long,Dresses,DJT Women's Chiffon Sling Short Mini Party Cocktail Dress Summer Coral M,
boundary_error,PATTERN,Stripe Sweater Dress,Stripe [PATTERN],short,Dresses,Nautica Little Girls' Engineer-Stripe Sweater Dress,
false_alarm,SLEEVE_STYLE,,Sleeve [SLEEVE_STYLE],long,Dresses,Ellen Tracy Women's Cap-Sleeve V-Neck Side-Gather Dress,True
false_alarm,NECKLINE,,button down [NECKLINE],short,Shirts & Tops,Short sleeve button down,True
boundary_error,LENGTH,FULL LENGTH,LENGTH [LENGTH],long,Dresses,"LADIES PLAIN SLEEVELESS FULL LENGTH WOMENS SUMMER LONG VEST STRETCH MAXI DRESS New ladies vest maxi dress. Round scoop neckline. Versatile plain front & back style. Soft stretch fabric. Length shoulder to hem 53"". Sleeveless plain vest style long maxi dress. A classic plain style that can easily be dressed up or down.",
missed,LENGTH,MAXI,,long,Dresses,"LADIES PLAIN SLEEVELESS FULL LENGTH WOMENS SUMMER LONG VEST STRETCH MAXI DRESS New ladies vest maxi dress. Round scoop neckline. Versatile plain front & back style. Soft stretch fabric. Length shoulder to hem 53"". Sleeveless plain vest style long maxi dress. A classic plain style that can easily be dressed up or down.",
false_alarm,SLEEVE_STYLE,,SLEEVELESS [SLEEVE_STYLE],long,Dresses,"LADIES PLAIN SLEEVELESS FULL LENGTH WOMENS SUMMER LONG VEST STRETCH MAXI DRESS New ladies vest maxi dress. Round scoop neckline. Versatile plain front & back style. Soft stretch fabric. Length shoulder to hem 53"". Sleeveless plain vest style long maxi dress. A classic plain style that can easily be dressed up or down.",True
false_alarm,LENGTH,,DRESS [LENGTH],long,Dresses,"LADIES PLAIN SLEEVELESS FULL LENGTH WOMENS SUMMER LONG VEST STRETCH MAXI DRESS New ladies vest maxi dress. Round scoop neckline. Versatile plain front & back style. Soft stretch fabric. Length shoulder to hem 53"". Sleeveless plain vest style long maxi dress. A classic plain style that can easily be dressed up or down.",True
false_alarm,SLEEVE_STYLE,,Sleeveless [SLEEVE_STYLE],long,Dresses,"LADIES PLAIN SLEEVELESS FULL LENGTH WOMENS SUMMER LONG VEST STRETCH MAXI DRESS New ladies vest maxi dress. Round scoop neckline. Versatile plain front & back style. Soft stretch fabric. Length shoulder to hem 53"". Sleeveless plain vest style long maxi dress. A classic plain style that can easily be dressed up or down.",True
false_alarm,LENGTH,,maxi [LENGTH],long,Dresses,"LADIES PLAIN SLEEVELESS FULL LENGTH WOMENS SUMMER LONG VEST STRETCH MAXI DRESS New ladies vest maxi dress. Round scoop neckline. Versatile plain front & back style. Soft stretch fabric. Length shoulder to hem 53"". Sleeveless plain vest style long maxi dress. A classic plain style that can easily be dressed up or down.",True
missed,LENGTH,gown,,short,Dresses,Sleeveless floor-length gown featuring botanical-motif overlay and contrast lining,
false_alarm,SLEEVE_STYLE,,Short Sleeve [SLEEVE_STYLE],long,Shirts & Tops,"Vivian's Fashions new Long Sleeve Crop Top...this cute crop top comes in stretch cotton. Fit with a scoop neckline and it is available in Short Sleeve, 3/4 Sleeve and Long Sleeve.",True
false_alarm,SLEEVE_STYLE,,3 / 4 Sleeve [SLEEVE_STYLE],long,Shirts & Tops,"Vivian's Fashions new Long Sleeve Crop Top...this cute crop top comes in stretch cotton. Fit with a scoop neckline and it is available in Short Sleeve, 3/4 Sleeve and Long Sleeve.",True
false_alarm,SLEEVE_STYLE,,Long Sleeve [SLEEVE_STYLE],long,Shirts & Tops,"Vivian's Fashions new Long Sleeve Crop Top...this cute crop top comes in stretch cotton. Fit with a scoop neckline and it is available in Short Sleeve, 3/4 Sleeve and Long Sleeve.",True
boundary_error,NECKLINE,scoop - neck,- [NECKLINE],long,Dresses,An Amazon brand - Sleeveless scoop-neck dress featuring A-line skirt with pleat tucks,
boundary_error,SLEEVE_STYLE,Tank,Tank Tops [SLEEVE_STYLE],long,Shirts & Tops,All Women's Burnout Racerback Tank Tops are a 65/35 polyester/combed and ring spun cotton blend which provides a comfortable fit,
false_alarm,SLEEVE_STYLE,,long - sleeve [SLEEVE_STYLE],short,Shirts & Tops,Textured plaid button-front long-sleeve shirt,True
false_alarm,NECKLINE,,Round neckline [NECKLINE],long,Shirts & Tops,"Chiffon insets add an elevated look and feel. Round neckline. Sleeveless design. Keyhole with button closure at back. Shirttail hemline. 100% polyester. Machine wash cold, tumble dry low.",True
missed,LENGTH,Ball Gown,,short,Dresses,Romantic Women's Ball Gown Sweetheart Spaghetti Floor Length Bead Quinceanera Dresses,
missed,NECKLINE,Sweetheart,,short,Dresses,Romantic Women's Ball Gown Sweetheart Spaghetti Floor Length Bead Quinceanera Dresses,
false_alarm,SLEEVE_STYLE,,Spaghetti [SLEEVE_STYLE],short,Dresses,Romantic Women's Ball Gown Sweetheart Spaghetti Floor Length Bead Quinceanera Dresses,True
boundary_error,LENGTH,hits at the knee,knee [LENGTH],long,Dresses,"Sleeveless design. Stretch jersey ponte has a nice sheen for an elegant look. Rounded halter neckline. Side hand pockets add a whimsical touch. Flared skirt finished with straight hemline that hits at the knee. Exposed back zipper closure. Lined. 93% polyester, 7% spandex;Lining: 100% polyester. Dry clean only.",
false_alarm,NECKLINE,,scoop [NECKLINE],long,Dresses,"Sleeveless dip-dye stretch sheath dress; high scoop neckline, sleeveless, bra-friendly, hidden back zip cbl: 365""",False
false_alarm,NECKLINE,,V Neck [NECKLINE],long,Dresses,"Meilaier Womens Summer V Neck Sexy Backless Long Maxi Party Dress Blue, Black",True
false_alarm,NECKLINE,,Stripes [NECKLINE],long,Shirts & Tops,The adidas Men's response Iconic 3-Stripes Short Sleeve T-shirt is made of 95% polyester and 5% recycled polyester mesh with ClimaLite lightweight fabric technology that provides moisture management. The shirt features the adidas 3-Stripes design down the sleeves and the adidas brandmark at the left chest for a sporty look. Round neck,False
boundary_error,PATTERN,leopard print,leopard [PATTERN],short,Shirts & Tops,Black scoop neck tee with leopard print cap sleeves,
false_alarm,SLEEVE_STYLE,,Spaghetti Strap [SLEEVE_STYLE],long,Shirts & Tops,Alexander + David Womens V-Neck Camisole Tank Top Flowy Jersey Spaghetti Strap,True
false_alarm,SLEEVE_STYLE,,Tank [SLEEVE_STYLE],short,Shirts & Tops,Awesome21 Women's Casual Cute Tank Top Sleeveless T-Shirts,True
false_alarm,NECKLINE,,Polo [NECKLINE],long,Baby & Toddler Dresses,US Polo ASSN Baby Girls Pink & Silver Polka Dot Dress W/Diaper Cover,True
boundary_error,LENGTH,full - length,full - [LENGTH],long,Dresses,"FABRIC : 100% RAYON CHIFFON Often times, the very simplest things are the most elegant. This is a case in point. A remarkably elegant summer dress, Annie's designed this with a sleek and straight-forward form. The neckline is a deep 'V.' (imagine a delicate, lacy cami underneath!) The waistline is elasticised and has a sort of blouson effect when you wear it; ruching across the shoulders allows you to adjust the length and fit of the sleeves. The skirt is full-length, loosely gathered and skims along the figure in the most elegant way. Made up in an airy, ephemeral rayon chiffon that has a silky finish and an elegant flow. Available in the most understated grey. A simply elegant dress that you could wear for the most special of occasions. 'Lace' it up with your most delicate under-garments. Layer it with a lacy shawl. 'Belt' it with a silk sash. Or casual events where you want to look your loveliest. Dress it down with mary jane flats. A flower in your hair or steampunk jewelry. The possibilities for this dress are just about endless..... - Available sizes (Small) (Medium) (One Size) (Plus Size) (1X) (2X) (3X) (5X) PLEASE ALLOW 7-10 days for production and 14 days in some cases if fabric has to be re-dyed. This does not include shipping time. All items are made and shipped from Bali, Indonesia.",
false_alarm,SLEEVE_STYLE,,cami [SLEEVE_STYLE],long,Dresses,"FABRIC : 100% RAYON CHIFFON Often times, the very simplest things are the most elegant. This is a case in point. A remarkably elegant summer dress, Annie's designed this with a sleek and straight-forward form. The neckline is a deep 'V.' (imagine a delicate, lacy cami underneath!) The waistline is elasticised and has a sort of blouson effect when you wear it; ruching across the shoulders allows you to adjust the length and fit of the sleeves. The skirt is full-length, loosely gathered and skims along the figure in the most elegant way. Made up in an airy, ephemeral rayon chiffon that has a silky finish and an elegant flow. Available in the most understated grey. A simply elegant dress that you could wear for the most special of occasions. 'Lace' it up with your most delicate under-garments. Layer it with a lacy shawl. 'Belt' it with a silk sash. Or casual events where you want to look your loveliest. Dress it down with mary jane flats. A flower in your hair or steampunk jewelry. The possibilities for this dress are just about endless..... - Available sizes (Small) (Medium) (One Size) (Plus Size) (1X) (2X) (3X) (5X) PLEASE ALLOW 7-10 days for production and 14 days in some cases if fabric has to be re-dyed. This does not include shipping time. All items are made and shipped from Bali, Indonesia.",True
false_alarm,SLEEVE_STYLE,,short sleeve [SLEEVE_STYLE],long,Shirts & Tops,"Bart simpson skateboard men's short sleeve graphic t-shirt officially licensed, manufactured by Freeze. This short sleeve t-shirt is great to wear anywhere and is extremely comfortable! super soft, crew neck.",True
false_alarm,NECKLINE,,neck [NECKLINE],long,Shirts & Tops,"Bart simpson skateboard men's short sleeve graphic t-shirt officially licensed, manufactured by Freeze. This short sleeve t-shirt is great to wear anywhere and is extremely comfortable! super soft, crew neck.",True
false_alarm,NECKLINE,,crew neck [NECKLINE],short,Shirts & Tops,Thorn short sleeve crew neck t-shirt has real racing spirit,True
false_alarm,NECKLINE,,Henley [NECKLINE],long,Shirts & Tops,"Long-sleeve Henley shirt with raglan-seam shoulders, crew neckline, and four-button placket",True
missed,LENGTH,Mini,,long,Dresses,"Product Description 100% brand new and high quality Quantity:1PC Occasion:Casual , Party,Summer/Beach Sleeve Style:Spaghetti Strap Pattern:Floral Style:Sundress Material:Cotton Type: Women Sexy Cocktail Party Beach Dress Color:White Size information Chinese S:Bust 33.86'',Waist 27.56'',Length 34.65'' Chinese M:Bust 35.43'',Waist 29.53'',Length 36.22'' Chinese L:Bust 37.80'',Waist 31.50'',Length 38.58'' Chinese XL:Bust 39.37'',Waist 33.46'',Length 40.16'' Package included: 1 X Mini Dress 1 X Mini Dress",
false_alarm,LENGTH,,Mini [LENGTH],long,Dresses,"Product Description 100% brand new and high quality Quantity:1PC Occasion:Casual , Party,Summer/Beach Sleeve Style:Spaghetti Strap Pattern:Floral Style:Sundress Material:Cotton Type: Women Sexy Cocktail Party Beach Dress Color:White Size information Chinese S:Bust 33.86'',Waist 27.56'',Length 34.65'' Chinese M:Bust 35.43'',Waist 29.53'',Length 36.22'' Chinese L:Bust 37.80'',Waist 31.50'',Length 38.58'' Chinese XL:Bust 39.37'',Waist 33.46'',Length 40.16'' Package included: 1 X Mini Dress 1 X Mini Dress",True
missed,PATTERN,stripes,,long,Dresses,"Bold stamped stripes all over. Scoop neckline and an open back. Sleeveless design. A-line cut skirt with fluttered fit. Straight hem at a flirty length. 100% rayon. Hand wash cold, dry flat. Made in the U.S.A. and",
false_alarm,NECKLINE,,Scoop [NECKLINE],long,Dresses,"Bold stamped stripes all over. Scoop neckline and an open back. Sleeveless design. A-line cut skirt with fluttered fit. Straight hem at a flirty length. 100% rayon. Hand wash cold, dry flat. Made in the U.S.A. and",False
false_alarm,NECKLINE,,neck [NECKLINE],long,Shirts & Tops,"- Bad Lab tee from Chunk - Purple crew Neck Tee Shirt with discharge print - Chunk's graphic equalizer logo raised rubber print on the back-neck. - 100% Cotton - Machine wash at 30 degrees iron inside out. It looks like Chunk are cooking up a storm on this awesome t-shirt! If you're 'addicted' to cool t-shirts and have a fondness for cult appreciation, then this t-shirt is a must have! Sizing:",True
false_alarm,NECKLINE,,V - [NECKLINE],long,Dresses,"Get your knot fix in go-anywhere dress, this twisted design defines curves and flatters with plunging line. Floral print, soft, velvet-feel poly fabric, low cut V-neckline, pleated knot front, sleeveless, A-line shape, tie belted.",False
boundary_error,NECKLINE,polo with cuffs with spread collar,polo [NECKLINE],short,Shirts & Tops,Shirtsleeve jacquard polo with cuffs with spread collar with 3 button closure.,
missed,NECKLINE,Polo,,long,Shirts & Tops,"The Duo-Swing Mesh Polo features engineered sleeves to reduce friction through your swing. The argyle burnout back mesh panel provides ventilation while the UV protected fabric provides UPF 40+. Finally, a moisture wicking finish helps you stay fresh as a daisy through the back nine.",
boundary_error,LENGTH,Above Knee,Knee [LENGTH],long,Dresses,"Very good quality Short dress made with 100% cotton. Machine washable. Above Knee length. Following size means age ranges for girls, They are for general guidance only. For most accurate fit, we recommend checking detailed measurement before purchase.",
false_alarm,PATTERN,,Polka [PATTERN],long,Skirts,"Simlu Womens Poly Span Printed Long Maxi Skirt - Tribal, Chevron Maxi Skirts, Black on Green Polka Dotted, Small",True
boundary_error,PATTERN,Stripe,Stripe Dress [PATTERN],short,Dresses,Nine West Dresses Women's Sleeveless Stripe Dress,
boundary_error,LENGTH,maxi,maxi dress [LENGTH],long,Dresses,A long-sleeved woven maxi dress featuring an allover floral print with a V-neckline.,
false_alarm,PATTERN,,floral [PATTERN],long,Dresses,A long-sleeved woven maxi dress featuring an allover floral print with a V-neckline.,True
missed,LENGTH,long evening dress,,short,Dresses,Eye-catching and beautiful long evening dress,
false_alarm,NECKLINE,,Shirt [NECKLINE],short,Shirts & Tops,Van Heusen Men's Regular Fit Stripe Point Collar Dress Shirt,True
false_alarm,SLEEVE_STYLE,,Short Sleeve [SLEEVE_STYLE],short,Shirts & Tops,Edwards Big and Tall Short Sleeve Pique Polo Pocket Shirt,True
boundary_error,LENGTH,mid - length,- length [LENGTH],long,Dresses,"3/4th sleeve, mid-length dress featuring a waist belt to give you the perfect fit.",
false_alarm,SLEEVE_STYLE,,3 / [SLEEVE_STYLE],long,Dresses,"3/4th sleeve, mid-length dress featuring a waist belt to give you the perfect fit.",False
boundary_error,PATTERN,camo printed short,camo [PATTERN],short,Shorts,Washed adjustable waist camo printed short,
false_alarm,LENGTH,,Long Dress [LENGTH],long,Wedding & Bridal Party Dresses,YiZYiF Women's Elegant Sleeveless V-Back Black Lace Bridesmaid Maxi Long Dress,True
missed,LENGTH,Knee Length,,long,Skirts,Zoe Chen Women's Cotton Knee Length A-line Skirt With Polar Bear,
false_alarm,NECKLINE,,neck [NECKLINE],long,Dresses,Asymmetric pleating distinguishes this boat-neck sheath dress with three-quarter sleeves.,True
false_alarm,LENGTH,,gown [LENGTH],long,Baby & Toddler Dresses,"An adorable baby baptismal dress by Angels Garment. This cotton gown has 3D floral designs on the skirt, cute bows on the chest and sleeves and a round collar neckline. It is not only beautiful, but also practical as it buttons down full length of the back for easy dressing of the baby. The matching bonnet is included. Made in the USA.",True
false_alarm,LENGTH,,full [LENGTH],long,Baby & Toddler Dresses,"An adorable baby baptismal dress by Angels Garment. This cotton gown has 3D floral designs on the skirt, cute bows on the chest and sleeves and a round collar neckline. It is not only beautiful, but also practical as it buttons down full length of the back for easy dressing of the baby. The matching bonnet is included. Made in the USA.",False
missed,PATTERN,Flowers,,short,Shirts & Tops,"Hawaiian Shirt for Men - Purple w/ White Flowers, Medium",
missed,PATTERN,FLORAL,,short,Dresses,Lolli Couture FLORAL MINI SLEEVES LONG CASUAL DRESS,
false_alarm,PATTERN,,floral [PATTERN],short,Dresses,Sleeveless dress in floral lace featuring A-line silhouette and jewel neckline,True
boundary_error,NECKLINE,Hawaiian shirt,Hawaiian [NECKLINE],long,Shirts & Tops,"This Hawaiian shirt was handcrafted in Hawaii, USA and made of the finest quality domestic and imported fabrics. It was sewn by seamstresses with loving care and Aloha to provide the wearer with the look and feel of Island Paradise. This classic Hawaiian style requires nothing less than perfectly woven fabrics, reinforced at all stress areas. When you wear our Hawaiian shirts, you will feel the luxury and comfort that is world-renowned as a Hawaiian tradition. All our Hawaiian shirts feature a matching pocket (the chest pocket fabric print matches perfectly with the shirt print) which is a sign of quality and attention to detail, and coconut buttons (real coconut shells are polished to achieve the mottled look.). Please refer to the size chart provided for your size. The chest measurement is taken by laying the shirt flat and measuring from seam to seam (across the chest) and doubling that figure. The length is measured from top of collar to bottom of hem. Please take a well-fitting shirt you own, measure it in the same manner and compare to the size chart for a perfect fit.",
false_alarm,NECKLINE,,button - down [NECKLINE],long,Shirts & Tops,"Hines solid short-sleeve shirt. Made in comfortable and durable 5.5-ounce, 100% cotton twill, this relaxed-fit hines short sleeve shirt is a great choice for workdays or weekends. Garment washed for a soft finish and offered in solid colors, it features a button-down collar, a generous left-chest pocket, and shoulder pleats for ease of movement. The main seams are triple-stitched carhartt style for added strength.",True
boundary_error,SLEEVE_STYLE,short sleeves,sleeves [SLEEVE_STYLE],long,Shirts & Tops,Button-front shirt in silk-inspired pre-finished fabrication featuring allover pattern and short sleeves,
boundary_error,NECKLINE,Polo Shirt,Polo [NECKLINE],long,Shirts & Tops,This Polo Shirt Features The Racing Formula One Team On The Front. This Item Is Perfect For Any Racing Formula One Team Fans To Show Their Support This Season! It Is Classic Is Not Out Of Date For Daily Life.,
false_alarm,NECKLINE,,V - [NECKLINE],long,Shirts & Tops,"A great 13th birthday gift to celebrate a 13th birthday party. This super snug V-neck tee is for a shorter and trimmer fit; better known as the Junior line. This top-quality, 100% cotton Ladies Juniors V-Neck is printed direct-to-garment with new age technology that preserves the color-fastness of the design. This unique Ladies Juniors V-Neck is designed and printed in the United States with eco-friendly ink, so it is safe for you and the environment. This durable, comfortable Ladies Juniors V-Neck is sure to be a hit, whether youre buying it as a gift for somebody special or wearing it yourself.",False
false_alarm,NECKLINE,,V - [NECKLINE],long,Shirts & Tops,"A great 13th birthday gift to celebrate a 13th birthday party. This super snug V-neck tee is for a shorter and trimmer fit; better known as the Junior line. This top-quality, 100% cotton Ladies Juniors V-Neck is printed direct-to-garment with new age technology that preserves the color-fastness of the design. This unique Ladies Juniors V-Neck is designed and printed in the United States with eco-friendly ink, so it is safe for you and the environment. This durable, comfortable Ladies Juniors V-Neck is sure to be a hit, whether youre buying it as a gift for somebody special or wearing it yourself.",False
false_alarm,SLEEVE_STYLE,,Thumbholes [SLEEVE_STYLE],long,Shirts & Tops,Pull on the Nixon Men\\\\342\\\\200\\\\231s Wings Short-Sleeve T-Shirt and move up to the next level. This soft cotton tee with center Nixon logo shows unapologetically who you represent. Product Features Material: cotton Fit: loose Center Back Length: Pockets: Thumbholes: SPF Rating: UPF Rating: Recommended Use: streetwear Manufacturer Warranty: 2 years,True
false_alarm,PATTERN,,flowers [PATTERN],short,Dresses,Long sleeve skin jacquard double knit dress with large knit flowers,True
boundary_error,LENGTH,Short,Short Tank [LENGTH],short,Dresses,RJC Womens Orchidaceae Empire Tie Front Short Tank Dress,
boundary_error,SLEEVE_STYLE,Tank Dress,Dress [SLEEVE_STYLE],short,Dresses,RJC Womens Orchidaceae Empire Tie Front Short Tank Dress,
missed,SLEEVE_STYLE,tanks,,long,Shirts & Tops,"Will Squat For Tacos Great sweat fighting tank & motivation tank top! Our Burnouts are VERY popular and the nicest tanks on the market! Keep in mind these are a fitness fit they run about 1/2 smaller for an athletic fit. If you like a normal fit, Id order 1 size above for a comfortable fit. If you like a snug fit for your working out order your normal size. Offering a great color collection of Burnout tanks. Women's Burnout racerback material is the Hottest selling workout materials on the market. Next Level Brand is super soft, light weight and takes sweat like a champ. Our funny tank top Collection is sure to grab lots of laughs. Available in 7 HOT colors. Our Next Level burnout tanks are the softest in the industry and most popular and light weight for working out. Enjoy our super fast shipping!",
false_alarm,SLEEVE_STYLE,,tank top [SLEEVE_STYLE],long,Shirts & Tops,"Will Squat For Tacos Great sweat fighting tank & motivation tank top! Our Burnouts are VERY popular and the nicest tanks on the market! Keep in mind these are a fitness fit they run about 1/2 smaller for an athletic fit. If you like a normal fit, Id order 1 size above for a comfortable fit. If you like a snug fit for your working out order your normal size. Offering a great color collection of Burnout tanks. Women's Burnout racerback material is the Hottest selling workout materials on the market. Next Level Brand is super soft, light weight and takes sweat like a champ. Our funny tank top Collection is sure to grab lots of laughs. Available in 7 HOT colors. Our Next Level burnout tanks are the softest in the industry and most popular and light weight for working out. Enjoy our super fast shipping!",True
missed,PATTERN,stripe,,short,Shirts & Tops,Long sleeve vertical stripe shirt,
false_alarm,LENGTH,,Knee [LENGTH],short,Dresses,Knee length short sleeve dress with faux wrap bodice,True
missed,PATTERN,Galaxy,,short,Shirts & Tops,Rare Cosmic Space Galaxy Pepe T-Shirt | Illuminati Edition,
boundary_error,NECKLINE,golf polo,polo [NECKLINE],long,Shirts & Tops,"The Callaway Zing Polo features heathered fabric and a geo-printed pattern on the yoke, making it a striking and unique-looking golf polo. 100% polyester fabric with Opti-Dri moisture management technology and optic-stretch engineered elastic fit make for unparalleled comfort, which only separates it from other golf polos all the more. The Chevron logo appears on the inside placket and on the left chest.",
false_alarm,SLEEVE_STYLE,,3 / 4 Sleeves [SLEEVE_STYLE],long,Dresses,"Solid Color. Mod Design. 3/4 Sleeves. Scooped Back. Shift Dress. This dress is perfect for any special occasion!! The shift style is figure flattering, and the scooped back detail adds to that!! 3/4 Sleeves are perfect for any time of year, and look great paired with a fun vest. The solid color makes this style an easy one to match and dress! Pair with heels and wear for any occasion such as parties, holiday get togethers, evening events, cocktail parties, dates, and more!!",True
missed,LENGTH,GOWN,,short,Dresses,"BLACK MARILYN INSPIRED PLEATED HALTER DRESS PARTY COCKTAIL GOWN, Large",
false_alarm,SLEEVE_STYLE,,Cap sleeve [SLEEVE_STYLE],short,Dresses,Cap sleeve round neck fit and flare scuba dress with seam detail,True
missed,PATTERN,Stripe,,short,Baby & Toddler Dresses,Nautica Baby Girls' Mini Stripe Drop Waist Voile Dress,
boundary_error,NECKLINE,spread collar,spread [NECKLINE],long,Shirts & Tops,"55% cotton, 45% polyester. This classic cotton-poly blend twill is treated for stain resistance. Weight 5. 4 oz, spread collar, button front, princess seams, curved hem, companion to S/S Carter Stain Resistant Twill. Machine Wash Warm Delicate; Do Not Bleach; Tumble Dry Low; Medium Iron as Needed; Do Not Dry Clean; wash With Like Colors.",
missed,NECKLINE,Scoopneck,,short,Shirts & Tops,Scoopneck tank top,
missed,NECKLINE,Collar,,long,Dresses,"Description Our size is Asia size, not US/UK size. This item runs small, pls choose a larger size. Type :Bind Bust ,Irregular Dress Pattern Type :Pure color Sleeve Length :Sleeveless Color :White,Black,Blue Material :Chiffon(Polyester) Style :Party,Banquet Collar :Leakage back",
boundary_error,LENGTH,full - length,- length [LENGTH],long,Dresses,"A comfortable, versatile staple of swimsuit season, this beach full-length maxi dress has a lovely drape, sweat-wicking fabrication and a flattering high waistline that elongates your figure.",
missed,LENGTH,maxi,,long,Dresses,"A comfortable, versatile staple of swimsuit season, this beach full-length maxi dress has a lovely drape, sweat-wicking fabrication and a flattering high waistline that elongates your figure.",
false_alarm,LENGTH,,dress [LENGTH],long,Dresses,"A comfortable, versatile staple of swimsuit season, this beach full-length maxi dress has a lovely drape, sweat-wicking fabrication and a flattering high waistline that elongates your figure.",True
false_alarm,NECKLINE,,V Collar [NECKLINE],short,Coats & Jackets,eTree Little Girls' V Collar Flower Pattern Blazers,False
false_alarm,LENGTH,,maxi skirt [LENGTH],long,Skirts,Our Plus Size Maxi Skirt is the perfect choice for a day at the beach or afternoon shopping with friends. This ankle length maxi skirt is made of a stretchy jersey fabric. Complete the look with a cute pair of flat gladiator sandals and crochet top.,True
missed,LENGTH,Knee - Length,,long,Skirts,"We increased skirt size based on customer's feedback. Material:Cotton,Polyester Dresses Length:Knee-Length Pattern Type:Floral Style:Summer Midi Flare Skirt Size: S/M/L/XL This skirt has an elastic waist, is light weight, and has a soft feel that gives it comfortable fit!",
missed,PATTERN,Floral,,long,Skirts,"We increased skirt size based on customer's feedback. Material:Cotton,Polyester Dresses Length:Knee-Length Pattern Type:Floral Style:Summer Midi Flare Skirt Size: S/M/L/XL This skirt has an elastic waist, is light weight, and has a soft feel that gives it comfortable fit!",
boundary_error,LENGTH,Length : 38,38 [LENGTH],long,Skirts,"Length : 38 inches, Waist : free size (max 42 inches)",
false_alarm,SLEEVE_STYLE,,tank top [SLEEVE_STYLE],long,Shirts & Tops,"Cotton Blend mens tank top with design. size run fair. Design on front only printed in usa. A few of its most notable benefits include: Perfect blend of cotton makes the tank top very comfortable. Durable fabrics are designed to outlast competing products. Wide range of colors makes it possible to select the one you like most. Buy one for yourself, and one for a friend or family member! Machine washable: throw it in your washing machine and have it clean fast! Don't wait until we're out of stock! CLICK ""Add to Cart"" button and order your Better Wear Men's Tank Top today - you'll love it!",True
false_alarm,SLEEVE_STYLE,,Tank Top [SLEEVE_STYLE],long,Shirts & Tops,"Cotton Blend mens tank top with design. size run fair. Design on front only printed in usa. A few of its most notable benefits include: Perfect blend of cotton makes the tank top very comfortable. Durable fabrics are designed to outlast competing products. Wide range of colors makes it possible to select the one you like most. Buy one for yourself, and one for a friend or family member! Machine washable: throw it in your washing machine and have it clean fast! Don't wait until we're out of stock! CLICK ""Add to Cart"" button and order your Better Wear Men's Tank Top today - you'll love it!",True
missed,PATTERN,stripes,,long,Shirts & Tops,"Crafted from soft cotton jersey, this comfortable T-shirt features nautical-inspired stripes and our signature embroidered pony.",
false_alarm,SLEEVE_STYLE,,long sleeve [SLEEVE_STYLE],long,Shirts & Tops,"Perfect long sleeve kids tee for St.Patricks Day. Distressed Shamrock IRELAND #1 Premium quality, long sleeve t-shirt. 100% combed-cotton (preshrunk,) machine washable. Available in a wide variety of sizes and colors - choose the size and color options from the drop-down list.",True
missed,LENGTH,Knee Length,,long,Skirts,John Morrison Women's 12Oz Wool Knee Length Scottish Tartan Kilt Heritage Of Scotland (10),
missed,LENGTH,Kilt,,long,Skirts,John Morrison Women's 12Oz Wool Knee Length Scottish Tartan Kilt Heritage Of Scotland (10),
boundary_error,LENGTH,Short Asymmetrical Dress,Asymmetrical [LENGTH],short,Dresses,BCBGMAXAZRIA Women's Rose Short Asymmetrical Dress,
false_alarm,SLEEVE_STYLE,,Sleeve [SLEEVE_STYLE],long,Dresses,Jones New York Women's Cap-Sleeve V-Neck Faux Wrap Dress,True
false_alarm,SLEEVE_STYLE,,long sleeves [SLEEVE_STYLE],long,Shirts & Tops,"Been a Grinch all year? This novelty Christmas shirt helps you be good. Featuring a forest green T-shirt and long sleeves attached, this funny Christmas shirt looks like two shirts in one. The long sleeves are printed all over with Christmas lights, while the front of the shirt has Dr. Seuss's Grinch with a headline that reads ""Is it too late to be good?"" Your little girl can wear this long-sleeve shirt to bed for Christmas Eve her last chance to be good before Santa comes!",True
false_alarm,NECKLINE,,V - Neck [NECKLINE],short,Shirts & Tops,Agave Men's Short Sleeve Antique Wash V-Neck Tee,True
false_alarm,LENGTH,,midi [LENGTH],long,Dresses,"STYLE - This elegant midi dress can be worn as a bridesmaids midi dress, Cocktail knee length dresses, Party dresses as well as Formal and Casual dinner dress",True
missed,PATTERN,Flower,,short,Dresses,Amecema Girls' Lace Special Flower Formal Party Dress,
missed,PATTERN,stripe,,short,Shirts & Tops,Print on stripe,
false_alarm,NECKLINE,,V - Neck [NECKLINE],long,Shirts & Tops,"Womens John Deere Shirt: Womens John Deere Western Apparel. To Keep you cozy! This John Deere Love Tractors Tee features Long Sleeves, V-Neck, a Glitter Heart Image, a John Deere logo, and wording that reads ""John Deere Tractors"".",True
false_alarm,NECKLINE,,Henley [NECKLINE],short,Shirts & Tops,Zoo York Big Boys' Homeroom Henley Short Sleeve Crew,True
false_alarm,SLEEVE_STYLE,,Cap Sleeve [SLEEVE_STYLE],short,Dresses,London Times Women's Cap Sleeve Round Neck Midi Jersey Sheath Dress,True
false_alarm,SLEEVE_STYLE,,3 [SLEEVE_STYLE],long,Shirts & Tops,A bold long sleeve shirt that wears well with a CK 3/4 length nylon jacket,False
false_alarm,SLEEVE_STYLE,,4 length [SLEEVE_STYLE],long,Shirts & Tops,A bold long sleeve shirt that wears well with a CK 3/4 length nylon jacket,False
false_alarm,NECKLINE,,dress shirt [NECKLINE],long,Shirts & Tops,"This traditional look dress shirt provides you with deluxe comfort. The classic point collar provides a more professional look. Convertible cuff goes from day-wear traditional cuff to formal French cuffs. to view our men's sizing guide Collar: PointCuff Style: Convertible CuffSleeve-length: Long SleeveMaterial: Cotton, PolyesterStyle: Button DownPattern: SolidExact Size: 20, 14.5, 18.5, 15.5, 19, 17.5, 16.5Exact Color: NavySleeve Measurement: 36/37, 32/33, 34/35Neck Size: 20, 14.5, 18.5, 15.5, 19, 17.5, 16.5Color: BlueSize: S, L, M, 2XL, XL",True
false_alarm,SLEEVE_STYLE,,cap sleeves [SLEEVE_STYLE],short,Dresses,Deep v and cap sleeves give this maxi a modern look,True
missed,PATTERN,flower print,,long,Dresses,SUNNYCI Womens Bohemian oversize flower print Long chiffon maxi dress CWDMD031-NAVY Size L,
false_alarm,NECKLINE,,V - neck [NECKLINE],long,Dresses,Printed cotton faille fit and flare sleeveless V-neck dress with set in waist,True
false_alarm,SLEEVE_STYLE,,Top [SLEEVE_STYLE],short,Shirts & Tops,Women's Fashion Lace Sleeveless Tank Top Vest Shirts,False
boundary_error,SLEEVE_STYLE,tank,tank tops [SLEEVE_STYLE],long,Shirts & Tops,"Every day, we wake up thankful for our Freedom to express ourselves, to share our passion, and to dance until dawn! Celebrate your own freedom with our American inspired collection of tank tops.",
boundary_error,LENGTH,Long Prom Dress,Dress [LENGTH],short,Dresses,Audrey Bride Sexy V Neck Long Prom Dress Party Dress With Side Split,
boundary_error,SLEEVE_STYLE,Cap - Sleeve,Sleeve [SLEEVE_STYLE],long,Shirts & Tops,"Soft, lightweight and form-fitting, the adidas Girls' adizero Cap-Sleeve Tennis Top features a ClimaLite construction engineered with ClimaCool and ForMotion technology for moisture management, ventilation and enhanced freedom of movement. Sleeves and back feature mesh detailing.",
missed,LENGTH,Skater,,short,Skirts,YASO Women's Basic Stretch Flared Pleated Casual Skater Mini Skirts,
false_alarm,LENGTH,,Mini [LENGTH],short,Skirts,YASO Women's Basic Stretch Flared Pleated Casual Skater Mini Skirts,True
false_alarm,PATTERN,,floral [PATTERN],long,Dresses,"How beautiful the floral print is!! Definitely, the floral pattern is the biggest attractiveness of this skirt",True
false_alarm,SLEEVE_STYLE,,long sleeves [SLEEVE_STYLE],long,Dresses,"An easy-to-layer cupcakes and cashmere sweater dress in soft, open knit. Ribbed V neckline. Dropped shoulders and long sleeves. Semi-sheer.",True
missed,PATTERN,dotted pattern,,long,Baby & Toddler Dresses,A cute dress for your baby girl by Lito brings out a wonderful style. The shape of this sleeveless yellow dress is pretty fairy tale-like. The tulle dress has a glittered polka dotted pattern and a wide band at empire waist. The skirt is flouncy and refined in the same time. A great choice for special occasion or Easter.,
false_alarm,SLEEVE_STYLE,,sleeveless [SLEEVE_STYLE],long,Baby & Toddler Dresses,A cute dress for your baby girl by Lito brings out a wonderful style. The shape of this sleeveless yellow dress is pretty fairy tale-like. The tulle dress has a glittered polka dotted pattern and a wide band at empire waist. The skirt is flouncy and refined in the same time. A great choice for special occasion or Easter.,True
missed,NECKLINE,Strapless,,long,Dresses,Vikoros Women's Retro Maxi Hippie Boho Paisley Print Strapless Summer Sun Dress (White),
false_alarm,SLEEVE_STYLE,,Cap Sleeve [SLEEVE_STYLE],long,Shirts & Tops,CafePress - Black Sheep Women's Cap Sleeve T-Shirt - Women's Cap Sleeve T-Shirt,True
boundary_error,NECKLINE,Button Down,Button [NECKLINE],long,Shirts & Tops,DTI DARYA TRADING T. Jeans Modern Fit Men's Button Down Pique Polo Sport Shirt,
missed,NECKLINE,Scoop Neck,,long,Shirts & Tops,"Sleeveless, Scoop Neck, Semi Sheer, Embroidered Pattern, Handy Hem, Belted, Tunic shirt",
false_alarm,SLEEVE_STYLE,,tank top [SLEEVE_STYLE],long,Shirts & Tops,This is the only fitted camo tank top around! Any camo or infinity lover will have to have this tank top! Great for casual everyday wear or to workout in. The white infinity design really stands out against the camouflage!,True
boundary_error,LENGTH,Short Casual Cocktail Party Dress,Short Casual [LENGTH],short,Dresses,Ever Pretty Womens Short Casual Cocktail Party Dress 14 US Blue,
false_alarm,PATTERN,,stripe [PATTERN],short,Dresses,Short sleeve athletic stripe ponte dress with envelope hem,True
missed,LENGTH,Maxi,,short,Dresses,Vfemage Womens Plaid Check Sexy Button Down Pocket Maxi Long Shirt Dress,
false_alarm,NECKLINE,,Button Down [NECKLINE],short,Dresses,Vfemage Womens Plaid Check Sexy Button Down Pocket Maxi Long Shirt Dress,True
missed,PATTERN,stripe,,long,Dresses,This sleeveless dress contains a moderate sized cutout for a twist on our classic stripe,
false_alarm,NECKLINE,,dress shirt [NECKLINE],short,Shirts & Tops,Oxford solid point collar regular fit long sleeve dress shirt,True
boundary_error,NECKLINE,polo shirt,polo [NECKLINE],long,Shirts & Tops,"This cotton pique knit polo shirt is just the right weight. Made of 100% cotton pique material that minimizes wrinkles and shrinkage, this polo comes with a high stitch count embroidered left chest school name and logo.",
missed,LENGTH,maxi,,long,Dresses,3/4 long sleeve Navy Blue and White maxi dresses for ladies; casual off the shoulder lounge dress; semi formal gown; chic one shoulder maxi dress; wedding guest dresses or a floor length party gown; full length beach or pool party dresses,
false_alarm,SLEEVE_STYLE,,3 / [SLEEVE_STYLE],long,Dresses,3/4 long sleeve Navy Blue and White maxi dresses for ladies; casual off the shoulder lounge dress; semi formal gown; chic one shoulder maxi dress; wedding guest dresses or a floor length party gown; full length beach or pool party dresses,False
false_alarm,SLEEVE_STYLE,,long sleeve [SLEEVE_STYLE],long,Dresses,3/4 long sleeve Navy Blue and White maxi dresses for ladies; casual off the shoulder lounge dress; semi formal gown; chic one shoulder maxi dress; wedding guest dresses or a floor length party gown; full length beach or pool party dresses,True
false_alarm,LENGTH,,maxi [LENGTH],long,Dresses,3/4 long sleeve Navy Blue and White maxi dresses for ladies; casual off the shoulder lounge dress; semi formal gown; chic one shoulder maxi dress; wedding guest dresses or a floor length party gown; full length beach or pool party dresses,True
false_alarm,LENGTH,,length [LENGTH],long,Dresses,3/4 long sleeve Navy Blue and White maxi dresses for ladies; casual off the shoulder lounge dress; semi formal gown; chic one shoulder maxi dress; wedding guest dresses or a floor length party gown; full length beach or pool party dresses,False
false_alarm,LENGTH,,full length [LENGTH],long,Dresses,3/4 long sleeve Navy Blue and White maxi dresses for ladies; casual off the shoulder lounge dress; semi formal gown; chic one shoulder maxi dress; wedding guest dresses or a floor length party gown; full length beach or pool party dresses,True
false_alarm,SLEEVE_STYLE,,short sleeves [SLEEVE_STYLE],short,Shirts & Tops,"crewneck, short sleeves, solid color back, fitted",True
false_alarm,NECKLINE,,Polo [NECKLINE],long,Shirts & Tops,U.S. Polo Assn. Men's Short Sleeve Embroidered V-Neck T-Shirt,True
false_alarm,SLEEVE_STYLE,,Tank Top [SLEEVE_STYLE],long,Shirts & Tops,We went back to our roots to create something truly special: The USA Classic Tank Top! Gorilla Wear was founded in 1982 in the USA. And what says USA better than the American Flag on a cool black Tank Top? Wear it with pride and Stand United!,True
boundary_error,PATTERN,Floral Print,Floral [PATTERN],long,Pants,"Ladies Floral Print Stretch Fit Pants. These pants feature a floral design print, 5 pocket styling, button front closure with zip fly, and a stretch fit. Colors available in Red Yellow, Red, Blue Orange, Blue, and Black. Approximately 36"" in length, 95% Polyester, 5% Rayon. BOTTOM SIZE CHART: Pants,Skirts,Shorts US Size XS :0 S:2/4 M:6/8 L:10/12 XL:14/16 2X:18/19 3X:20/21 Waist (in) XS:23-24 S:25-26 M:27-28 L:30-31 XL:32-33 2X:34-35 3X:36-37 Hips (in) XS:33-34 S:35-36 M:37-38 L:39-40 XL:42-44 2X:44-46 3X:46-48 EU SIZE XS:32 S:34/36 M:38/40 L:42 XL:44",
false_alarm,NECKLINE,,oxford shirt [NECKLINE],long,Shirts & Tops,"Traditional short sleeve cotton oxford shirt with modern twists. Bonded left chest pocket, peral button closure and button down collar.",True
false_alarm,NECKLINE,,collar [NECKLINE],long,Shirts & Tops,"Traditional short sleeve cotton oxford shirt with modern twists. Bonded left chest pocket, peral button closure and button down collar.",True
missed,LENGTH,T - shirt dress,,long,Dresses,"T-shirt dress featuring contrast elbow sleeves and back, zippers at shoulders, and scoop back",
false_alarm,PATTERN,,floral [PATTERN],long,Wedding & Bridal Party Dresses,Immerse in the heart of elegance and good taste with this beautiful creation. Stylish sleeveless dress features elegant floral lace overlay. A large flower on a wide waistband adds flavor to this stunning dress.,True
false_alarm,PATTERN,,flower [PATTERN],long,Wedding & Bridal Party Dresses,Immerse in the heart of elegance and good taste with this beautiful creation. Stylish sleeveless dress features elegant floral lace overlay. A large flower on a wide waistband adds flavor to this stunning dress.,True
false_alarm,NECKLINE,,Mock Neck [NECKLINE],short,Shirts & Tops,San Soleil EcoSol Long Sleeve Mock Neck Solid Polo Golf Shirt,True
false_alarm,NECKLINE,,Polo [NECKLINE],short,Shirts & Tops,San Soleil EcoSol Long Sleeve Mock Neck Solid Polo Golf Shirt,True
false_alarm,SLEEVE_STYLE,,strap [SLEEVE_STYLE],short,Shirts & Tops,"Front ruffle, sleeveless silk top, spaghetti strap, waist length",False
false_alarm,PATTERN,,floral [PATTERN],short,Baby & Toddler Dresses,Printed plaid taffeta layer skirt with flocked floral pattern,True
false_alarm,SLEEVE_STYLE,,sleeve [SLEEVE_STYLE],short,Dresses,Plunge v neck / half sleeve / pleated design,True
false_alarm,NECKLINE,,Strapless [NECKLINE],short,Shirts & Tops,Sunward Sexy Womens Off-shoulder Strapless Long Sleeve Shirt Casual Blouse Tops,True
false_alarm,NECKLINE,,Button Down [NECKLINE],long,Shirts & Tops,Features: Cotton Button Down Shirt by Ryan Kenny Embroidered 'RK' on Cuff Collar Stays | Placket Front Full Button Closure | Long Sleeves | 1 Button (Rounded Corners) Barrel Cuffs Side Pleats on Back | Rounded Hem Machine Washable MPN: RKW656 Brand: Ryan Kenny Color: Multi Pattern: Plaids (Large) Retail Price: $110.00 Style: Button Down Shirts Material: 100% Cotton Fabric Style: Oxford Label Care: Machine Wash (Cold) Made In: China Front Style: Placket Front Closure: Full Collar Style: Spread Collar Sleeve Length: Long Sleeve Cuff Style: 1 Button (Rounded Corners) Barrel Cuffs Back Style: Side Pleats Vent Style: None Hem Style: Rounded Front Pockets: 0 Pockets: Flat / No Pocket,True
missed,PATTERN,Stripe,,short,Shirts & Tops,Nautica Little Boys' Long Sleeve Stripe Woven Shirt 2,
missed,PATTERN,floral,,long,Dresses,Fit-and-flare dress in scuba knit featuring floral patterning and square neckline,
false_alarm,NECKLINE,,Button - Down [NECKLINE],long,Shirts & Tops,Robert Graham Men's Land Sweller Short-Sleeve Button-Down Shirt,True
boundary_error,LENGTH,maxi,maxi dress [LENGTH],long,Dresses,A soft Ella Moss off-shoulder maxi dress in a bold ikat print. A draped overlay lends feminine volume to the bodice. A gathered elastic band circles the waist. Elastic neckline. Sleeveless. Lined.,
boundary_error,NECKLINE,scoop neckline,scoop [NECKLINE],long,Dresses,"Look chic in our Button Accent Cap Sleeve Shift Plus Size Dress. This dress is perfect for day or night wear. It features a scoop neckline with button accents, cap sleeves, with side welt pockets complete with a back zipper closure and a length which hits just above the knee. This dress would look great along with a pair of high boots and a light weight coat!",
false_alarm,LENGTH,,above [LENGTH],long,Dresses,"Look chic in our Button Accent Cap Sleeve Shift Plus Size Dress. This dress is perfect for day or night wear. It features a scoop neckline with button accents, cap sleeves, with side welt pockets complete with a back zipper closure and a length which hits just above the knee. This dress would look great along with a pair of high boots and a light weight coat!",False
false_alarm,LENGTH,,knee [LENGTH],long,Dresses,"Look chic in our Button Accent Cap Sleeve Shift Plus Size Dress. This dress is perfect for day or night wear. It features a scoop neckline with button accents, cap sleeves, with side welt pockets complete with a back zipper closure and a length which hits just above the knee. This dress would look great along with a pair of high boots and a light weight coat!",True
missed,NECKLINE,henley,,long,Shirts & Tops,"From the ALWAYS group, this thermal henley is super soft and a perfect staple.",
missed,NECKLINE,strapless,,long,Dresses,Step into the new season in style in this ever so glam strapless paisley maxi dress! A spring/summer fresh print the drape front and back tie adds that sexy fashion edge. Due to the varied and irregular print design of this garment the print position of each individual garment will be different and no two garments will be the same.,
false_alarm,PATTERN,,paisley [PATTERN],long,Dresses,Step into the new season in style in this ever so glam strapless paisley maxi dress! A spring/summer fresh print the drape front and back tie adds that sexy fashion edge. Due to the varied and irregular print design of this garment the print position of each individual garment will be different and no two garments will be the same.,True
false_alarm,NECKLINE,,Scoop Neckline [NECKLINE],short,Shirts & Tops,Scoop Neckline Classic A Shirt Tank Tops,True
boundary_error,SLEEVE_STYLE,Long Sleeve,Sleeve [SLEEVE_STYLE],long,Shirts & Tops,Crooks & Castles Men's Medusa League Long Sleeve Jersey T-Shirt,
missed,PATTERN,Flower,,long,Skirts,"Dressy skirt. A classic flared skater-skirt style. Cute mini cut. Stylish ""Flower & Feather"" print allover design.",
missed,NECKLINE,collar,,short,Dresses,"Flat shawl collar in self fabric, Back zip fastening",
missed,PATTERN,Striped,,short,Dresses,Alfa Global Women's V-neck Striped Long Maxi Dress,
boundary_error,LENGTH,maxi,maxi dress [LENGTH],long,Dresses,"A printed bottom maternity maxi dress with a deep v-neckline, perfect for the expecting and new mothers as it allows for easy nursing after the baby has arrived. Let this bold print stand out by pairing with delicate jewelry for a night out this summer.",
false_alarm,NECKLINE,,v - [NECKLINE],long,Dresses,"A printed bottom maternity maxi dress with a deep v-neckline, perfect for the expecting and new mothers as it allows for easy nursing after the baby has arrived. Let this bold print stand out by pairing with delicate jewelry for a night out this summer.",False
boundary_error,LENGTH,Maxi,Maxi Dress [LENGTH],long,Dresses,"Dress up for a night out, or down for a more casual look in our Geo-Print Maxi Dress with Side Slits. This versatile sleeveless maxi dress features a bold geometric print knit fabric, scoop neckline, stretch fit, floor length hem, and side seam slit detail. Complete the look with a pair of flat sandals and a leather moto jacket.",
boundary_error,LENGTH,Tennis Skirt,Skirt [LENGTH],long,Skirts,"Beautifulfashionlife Women's High Waist Pleated Mini Tennis Skirt(L, Grey)",
false_alarm,LENGTH,,Mini [LENGTH],long,Skirts,"Beautifulfashionlife Women's High Waist Pleated Mini Tennis Skirt(L, Grey)",True
false_alarm,SLEEVE_STYLE,,Sleeveless [SLEEVE_STYLE],long,Dresses,"3.Hawaiian Tropical Pattern,Strappy Floral Print,Knee length Dress,Rose Print,5 Different Sizes,Suit For Summer Beach and Formal Prom Party,Sleeveless,Vintage Party Evening Dress,Daily dresses,Color Contrast white to color flower print,Colorblock.",True
boundary_error,NECKLINE,Polo Shirt,Polo [NECKLINE],long,Shirts & Tops,"The Denver Broncos Mens Field Classic II Polo Shirt is made to show your Broncos pride at the game, on the golf course, or just out to dinner with its Standard-Fit body which gives it a fashionable appearance. Constructed from 4.93 oz. 100% Polyester Interlocking material and with side and back piecing made from 4.23 oz. 100% Polyester Mesh Material you will stay cool and comfortable as moisture is wicked from your body. This Broncos Golf Shirt is made in Orange and features a 3 button placket, color contrasting neck tape, a bottom placket, and a front team logo heat transfer and an upper back heat transfer mascot name.Made by Majestic for Football Fans of the Broncos NFL Officially Licensed Denver Broncos Football Merchandise Made from 100% Polyester Interlocking Material, Standard Fit Body Machine Washable On Cold, Short Sleeve, Color Contrasting Neck Taping Front & Back Heat Transfer Graphics, 3 Button Placket, Side & Back Piecing",
false_alarm,SLEEVE_STYLE,,Short Sleeve [SLEEVE_STYLE],long,Shirts & Tops,"The Denver Broncos Mens Field Classic II Polo Shirt is made to show your Broncos pride at the game, on the golf course, or just out to dinner with its Standard-Fit body which gives it a fashionable appearance. Constructed from 4.93 oz. 100% Polyester Interlocking material and with side and back piecing made from 4.23 oz. 100% Polyester Mesh Material you will stay cool and comfortable as moisture is wicked from your body. This Broncos Golf Shirt is made in Orange and features a 3 button placket, color contrasting neck tape, a bottom placket, and a front team logo heat transfer and an upper back heat transfer mascot name.Made by Majestic for Football Fans of the Broncos NFL Officially Licensed Denver Broncos Football Merchandise Made from 100% Polyester Interlocking Material, Standard Fit Body Machine Washable On Cold, Short Sleeve, Color Contrasting Neck Taping Front & Back Heat Transfer Graphics, 3 Button Placket, Side & Back Piecing",True
boundary_error,NECKLINE,v neck,neck [NECKLINE],long,Dresses,1.Soft and breathable material.2.The quality can only be assured in Oure brand. 5.The solid color and v neck design is our favorite weekend style.,
boundary_error,LENGTH,Full Length,Length [LENGTH],short,Dresses,Allegra K Lady Overlay Split Back Elastic Waist Full Length Lining Chiffon Dress,
missed,LENGTH,gowns,,long,Dresses,"Sherri Hill is a distinguished and well-known designer of prom, pageant and evening wear. Her unparalleled design achievements in the pageant industry include many recent winners and contestants. Eight of the Top Ten Miss USA 2009 finishers were wearing a Sherri Hill gown including the winner, Kristen Dalton. Miss USA 2007 Rachel Smith, Miss USA 2006 Tara Conner, Miss America 2007 Lauren Nelson and Miss America 2006 Jennifer Berry were all crowned in Sherri Hill gowns. MTV Video Jockey and Total Request Live host Susie Castillo also won the Miss USA crown wearing a Sherri Hill designed evening gown. Sherri Hill designs can be found on the red carpet as well. Sherri Hill's devotion to design is evident in her selection of beautiful fabrics and trimmings combined with innovative combinations of cuts to accentuate the best features of each and every woman.",
false_alarm,LENGTH,,gown [LENGTH],long,Dresses,"Sherri Hill is a distinguished and well-known designer of prom, pageant and evening wear. Her unparalleled design achievements in the pageant industry include many recent winners and contestants. Eight of the Top Ten Miss USA 2009 finishers were wearing a Sherri Hill gown including the winner, Kristen Dalton. Miss USA 2007 Rachel Smith, Miss USA 2006 Tara Conner, Miss America 2007 Lauren Nelson and Miss America 2006 Jennifer Berry were all crowned in Sherri Hill gowns. MTV Video Jockey and Total Request Live host Susie Castillo also won the Miss USA crown wearing a Sherri Hill designed evening gown. Sherri Hill designs can be found on the red carpet as well. Sherri Hill's devotion to design is evident in her selection of beautiful fabrics and trimmings combined with innovative combinations of cuts to accentuate the best features of each and every woman.",True
boundary_error,SLEEVE_STYLE,short sleeves,sleeves [SLEEVE_STYLE],long,Shirts & Tops,"Butterfly-collar, short sleeves, light weight woven fabric, plaid print, contrast solid trim",
missed,PATTERN,Striped,,long,Dresses,OURS Women's Crew Neck Short Sleeve Striped Loose T-Shirt Mini Dress,
boundary_error,NECKLINE,V collar,V [NECKLINE],long,Dresses,"Girls V collar belt sleeveless multiple layers dress, cute belt,made in China, has professional designers, produced by big factories, exquisite workmanship, first-class quality,Passed certificate of quality inspection, machine washable.",
missed,SLEEVE_STYLE,sleeveless,,long,Dresses,"Girls V collar belt sleeveless multiple layers dress, cute belt,made in China, has professional designers, produced by big factories, exquisite workmanship, first-class quality,Passed certificate of quality inspection, machine washable.",
false_alarm,SLEEVE_STYLE,,Sleeveless [SLEEVE_STYLE],long,Dresses,Artfasion Plaid Vintage Midi Dress-Women Scoop Neckline Sleeveless Keen Length Swing Dress,True
false_alarm,NECKLINE,,Scoop neck [NECKLINE],long,Shirts & Tops,"Scoop neck, puff short sleeves, with a button keyhole detail, stretch knit fabric, form fitting silhouette",True
boundary_error,SLEEVE_STYLE,blouson sleeves,Long blouson [SLEEVE_STYLE],short,Dresses,Long blouson sleeves boast cold-shoulder slits and ladder strap details.,
false_alarm,NECKLINE,,button down [NECKLINE],long,Shirts & Tops,Blue chiffon button down women's casual top with white polka dot printed. Narrow v-necklined with three-quarter tab sleeves and attached sash that ties at the back.,True
false_alarm,SLEEVE_STYLE,,three [SLEEVE_STYLE],long,Shirts & Tops,Blue chiffon button down women's casual top with white polka dot printed. Narrow v-necklined with three-quarter tab sleeves and attached sash that ties at the back.,False
false_alarm,SLEEVE_STYLE,,quarter [SLEEVE_STYLE],long,Shirts & Tops,Blue chiffon button down women's casual top with white polka dot printed. Narrow v-necklined with three-quarter tab sleeves and attached sash that ties at the back.,False
boundary_error,PATTERN,Stripe Knit Dress,Stripe [PATTERN],short,Dresses,Evan Picone Women's Geo Stripe Knit Dress,
boundary_error,SLEEVE_STYLE,short sleeves,sleeves [SLEEVE_STYLE],long,Shirts & Tops,"There are certain things every man should have in his closet; J.TOMSON Mens Poly Cotton Basic Tri-Blend Crew Neck Short Sleeve T-Shirt is definitely one of them. This light-weight shirt provides the long-lasting comfort of cotton and the resilience of polyester. The tri-color feature adds a unique texture that drapes against the body for a relaxed, slim fit. Complete with short sleeves and a crewneck, you can style this shirt with just about anything. Stock up to stay in style all season long. MEASUREMENTS",
missed,NECKLINE,crewneck,,long,Shirts & Tops,"There are certain things every man should have in his closet; J.TOMSON Mens Poly Cotton Basic Tri-Blend Crew Neck Short Sleeve T-Shirt is definitely one of them. This light-weight shirt provides the long-lasting comfort of cotton and the resilience of polyester. The tri-color feature adds a unique texture that drapes against the body for a relaxed, slim fit. Complete with short sleeves and a crewneck, you can style this shirt with just about anything. Stock up to stay in style all season long. MEASUREMENTS",
false_alarm,SLEEVE_STYLE,,3 / [SLEEVE_STYLE],short,Dresses,1 piece 3/4 rhinestone cuff sleeve portrait collar party dress,False
false_alarm,SLEEVE_STYLE,,short sleeve [SLEEVE_STYLE],long,Shirts & Tops,"Everyone loves a dead girl, we know this is true! This black, short sleeve V neck T-shirt features an undead, zombie pinup girl with exposed bones and scars wearing fishnet stockings with red bows and an adorably dark sailor outfit. ""Everyone Loves A Dead girl"" printed under her in white. Material Content: 100% Cotton SIZE CHART: Small: 32"" Bust, 26-28"" Waist Medium: 34"" Bust, 30-32"" Waist Large: 36"" Bust, 34-36"" Waist X-Large: 38"" Bust, 38-40"" Waist XX-Large: 40"" Bust, 40-42"" Waist",True
false_alarm,LENGTH,,38 [LENGTH],long,Shirts & Tops,"Everyone loves a dead girl, we know this is true! This black, short sleeve V neck T-shirt features an undead, zombie pinup girl with exposed bones and scars wearing fishnet stockings with red bows and an adorably dark sailor outfit. ""Everyone Loves A Dead girl"" printed under her in white. Material Content: 100% Cotton SIZE CHART: Small: 32"" Bust, 26-28"" Waist Medium: 34"" Bust, 30-32"" Waist Large: 36"" Bust, 34-36"" Waist X-Large: 38"" Bust, 38-40"" Waist XX-Large: 40"" Bust, 40-42"" Waist",False
false_alarm,NECKLINE,,crew [NECKLINE],short,Shirts & Tops,Short-sleeve sweater tee in allover eyelash knit texture featuring crew neckline,False
missed,PATTERN,Tartan,,short,Skirts,Tartan check pattern,
