label,phrase,group,text
SLEEVE_STYLE,sleeveless,short,Sleeveless round neck dress with toggle closure hardware detail
PATTERN,floral,long,"Beautiful BLACK & WHITE/RED FLORAL PRINT DRESS features sleeveless GATHERED BODICE with square neckline and SHIRRED SHOULDER STRAPS plus BLACK/WHITE-DOTTED INSET with RED GROSGRAIN RIBBON & BOW TRIM at the EMPIRE WAIST. Fully lined, below-knee-length BLACK WOVEN SKIRT features WHITE FLORAL PRINT with back zip closure and BLACK/WHITE-DOTTED BOW TIE SASH IN BACK for perfect fit. Machine washable. Imported (El Salvador). Of 100% cotton - Lining of polyester/cotton - Exclusive of trim/decoration. Matching/Coordinating sister styles available in sizes 7-20.5, search for style(s): BNJ-2329. More baby & girl party dresses available, search for: "" bnj-girl-party-dress """
SLEEVE_STYLE,sleeveless,long,"Beautiful BLACK & WHITE/RED FLORAL PRINT DRESS features sleeveless GATHERED BODICE with square neckline and SHIRRED SHOULDER STRAPS plus BLACK/WHITE-DOTTED INSET with RED GROSGRAIN RIBBON & BOW TRIM at the EMPIRE WAIST. Fully lined, below-knee-length BLACK WOVEN SKIRT features WHITE FLORAL PRINT with back zip closure and BLACK/WHITE-DOTTED BOW TIE SASH IN BACK for perfect fit. Machine washable. Imported (El Salvador). Of 100% cotton - Lining of polyester/cotton - Exclusive of trim/decoration. Matching/Coordinating sister styles available in sizes 7-20.5, search for style(s): BNJ-2329. More baby & girl party dresses available, search for: "" bnj-girl-party-dress """
NECKLINE,v - neck,short,Santiki maxi dress with adjustable spaghetti straps and a v-neck
SLEEVE_STYLE,spaghetti straps,short,Santiki maxi dress with adjustable spaghetti straps and a v-neck
NECKLINE,sweetheart,long,PattyBoutik Cotton Blend Floral Lace Scallop Square Neck Insert Sweetheart Raglan Short Sleeve Blouse Top
LENGTH,short,long,Dacia is similar to our Corbin short fit and made up in floral eyelet
PATTERN,camo,long,101774 Carhartt Men's Workwear Graphic Camo Applique Long Sleeve T-Shirt A long sleeve shirt with a camo Carhartt logo.
PATTERN,camo,long,101774 Carhartt Men's Workwear Graphic Camo Applique Long Sleeve T-Shirt A long sleeve shirt with a camo Carhartt logo.
LENGTH,pencil,long,"Womens Sexy Celeb Bodycon Evening Dress Csaul Silm Pencil Midi Dress (L, White)"
SLEEVE_STYLE,short sleeved,long,"A wardrobe staple, this short sleeved maxi dress features a cross back with cutout, and contrasting stripes to flatter your shape."
SLEEVE_STYLE,tank top,long,"This officially licensed Batman tank top features a distressed Batman logo printed on a soft, breathable 100% cotton tank top."
SLEEVE_STYLE,long sleeve,long,"Our Shello versatile and comfortable button-down shirt is great for casual, formal, wedding, business wear and other special occasion. This set comes 2 pieces with different colors. It features a peaked collar and buttoned cuffs, long sleeve, complete with button end closure, making you more fashionable and handsome. High quality workmanship and premium material ensures longevity and elegance. It is a must have for your closet collection. Material: 100% Cotton; 2 pieces Machine Washable / Do not bleach / Low iron if necessary If you are size M that want to wear slim fit then please pick up same size, if you want to wear regular as normal size please pick up one size bigger from us Below is our size chart for your reference:(Inches) US Small (14)- Collar 15"", Chest 42"", Shoulder 17.5"", Length 31"", Sleeve 33"", Waist 39"", Bottom 41"" US Medium(15-15.5)-Collar 16"", Chest 45"", Shoulder 18.5"", Length 31.75"", Sleeve 33"", Waist 42"", Bottom 44"" US Large(16-16.5) - Collar 17"", Chest 48"", Shoulder 19.5"", Length 32"", Sleeve 35.5"", Waist 45"", Bottom 47"" US XLarge(17-17.5) - Collar 18"", Chest 51"", Shoulder 20.5"", Length 33.25"", Sleeve 35.5"", Waist 48"", Bottom 50"" Please allow slight deviation for the measurement data."
NECKLINE,collar,long,"Our Shello versatile and comfortable button-down shirt is great for casual, formal, wedding, business wear and other special occasion. This set comes 2 pieces with different colors. It features a peaked collar and buttoned cuffs, long sleeve, complete with button end closure, making you more fashionable and handsome. High quality workmanship and premium material ensures longevity and elegance. It is a must have for your closet collection. Material: 100% Cotton; 2 pieces Machine Washable / Do not bleach / Low iron if necessary If you are size M that want to wear slim fit then please pick up same size, if you want to wear regular as normal size please pick up one size bigger from us Below is our size chart for your reference:(Inches) US Small (14)- Collar 15"", Chest 42"", Shoulder 17.5"", Length 31"", Sleeve 33"", Waist 39"", Bottom 41"" US Medium(15-15.5)-Collar 16"", Chest 45"", Shoulder 18.5"", Length 31.75"", Sleeve 33"", Waist 42"", Bottom 44"" US Large(16-16.5) - Collar 17"", Chest 48"", Shoulder 19.5"", Length 32"", Sleeve 35.5"", Waist 45"", Bottom 47"" US XLarge(17-17.5) - Collar 18"", Chest 51"", Shoulder 20.5"", Length 33.25"", Sleeve 35.5"", Waist 48"", Bottom 50"" Please allow slight deviation for the measurement data."
NECKLINE,collar,long,"Our Shello versatile and comfortable button-down shirt is great for casual, formal, wedding, business wear and other special occasion. This set comes 2 pieces with different colors. It features a peaked collar and buttoned cuffs, long sleeve, complete with button end closure, making you more fashionable and handsome. High quality workmanship and premium material ensures longevity and elegance. It is a must have for your closet collection. Material: 100% Cotton; 2 pieces Machine Washable / Do not bleach / Low iron if necessary If you are size M that want to wear slim fit then please pick up same size, if you want to wear regular as normal size please pick up one size bigger from us Below is our size chart for your reference:(Inches) US Small (14)- Collar 15"", Chest 42"", Shoulder 17.5"", Length 31"", Sleeve 33"", Waist 39"", Bottom 41"" US Medium(15-15.5)-Collar 16"", Chest 45"", Shoulder 18.5"", Length 31.75"", Sleeve 33"", Waist 42"", Bottom 44"" US Large(16-16.5) - Collar 17"", Chest 48"", Shoulder 19.5"", Length 32"", Sleeve 35.5"", Waist 45"", Bottom 47"" US XLarge(17-17.5) - Collar 18"", Chest 51"", Shoulder 20.5"", Length 33.25"", Sleeve 35.5"", Waist 48"", Bottom 50"" Please allow slight deviation for the measurement data."
NECKLINE,collar,long,"Our Shello versatile and comfortable button-down shirt is great for casual, formal, wedding, business wear and other special occasion. This set comes 2 pieces with different colors. It features a peaked collar and buttoned cuffs, long sleeve, complete with button end closure, making you more fashionable and handsome. High quality workmanship and premium material ensures longevity and elegance. It is a must have for your closet collection. Material: 100% Cotton; 2 pieces Machine Washable / Do not bleach / Low iron if necessary If you are size M that want to wear slim fit then please pick up same size, if you want to wear regular as normal size please pick up one size bigger from us Below is our size chart for your reference:(Inches) US Small (14)- Collar 15"", Chest 42"", Shoulder 17.5"", Length 31"", Sleeve 33"", Waist 39"", Bottom 41"" US Medium(15-15.5)-Collar 16"", Chest 45"", Shoulder 18.5"", Length 31.75"", Sleeve 33"", Waist 42"", Bottom 44"" US Large(16-16.5) - Collar 17"", Chest 48"", Shoulder 19.5"", Length 32"", Sleeve 35.5"", Waist 45"", Bottom 47"" US XLarge(17-17.5) - Collar 18"", Chest 51"", Shoulder 20.5"", Length 33.25"", Sleeve 35.5"", Waist 48"", Bottom 50"" Please allow slight deviation for the measurement data."
NECKLINE,collar,long,"Our Shello versatile and comfortable button-down shirt is great for casual, formal, wedding, business wear and other special occasion. This set comes 2 pieces with different colors. It features a peaked collar and buttoned cuffs, long sleeve, complete with button end closure, making you more fashionable and handsome. High quality workmanship and premium material ensures longevity and elegance. It is a must have for your closet collection. Material: 100% Cotton; 2 pieces Machine Washable / Do not bleach / Low iron if necessary If you are size M that want to wear slim fit then please pick up same size, if you want to wear regular as normal size please pick up one size bigger from us Below is our size chart for your reference:(Inches) US Small (14)- Collar 15"", Chest 42"", Shoulder 17.5"", Length 31"", Sleeve 33"", Waist 39"", Bottom 41"" US Medium(15-15.5)-Collar 16"", Chest 45"", Shoulder 18.5"", Length 31.75"", Sleeve 33"", Waist 42"", Bottom 44"" US Large(16-16.5) - Collar 17"", Chest 48"", Shoulder 19.5"", Length 32"", Sleeve 35.5"", Waist 45"", Bottom 47"" US XLarge(17-17.5) - Collar 18"", Chest 51"", Shoulder 20.5"", Length 33.25"", Sleeve 35.5"", Waist 48"", Bottom 50"" Please allow slight deviation for the measurement data."
NECKLINE,collar,long,"Our Shello versatile and comfortable button-down shirt is great for casual, formal, wedding, business wear and other special occasion. This set comes 2 pieces with different colors. It features a peaked collar and buttoned cuffs, long sleeve, complete with button end closure, making you more fashionable and handsome. High quality workmanship and premium material ensures longevity and elegance. It is a must have for your closet collection. Material: 100% Cotton; 2 pieces Machine Washable / Do not bleach / Low iron if necessary If you are size M that want to wear slim fit then please pick up same size, if you want to wear regular as normal size please pick up one size bigger from us Below is our size chart for your reference:(Inches) US Small (14)- Collar 15"", Chest 42"", Shoulder 17.5"", Length 31"", Sleeve 33"", Waist 39"", Bottom 41"" US Medium(15-15.5)-Collar 16"", Chest 45"", Shoulder 18.5"", Length 31.75"", Sleeve 33"", Waist 42"", Bottom 44"" US Large(16-16.5) - Collar 17"", Chest 48"", Shoulder 19.5"", Length 32"", Sleeve 35.5"", Waist 45"", Bottom 47"" US XLarge(17-17.5) - Collar 18"", Chest 51"", Shoulder 20.5"", Length 33.25"", Sleeve 35.5"", Waist 48"", Bottom 50"" Please allow slight deviation for the measurement data."
PATTERN,floral,long,Mock-neck dress in largescale floral and striped patterning featuring long sleeves with solid back panels
PATTERN,striped,long,Mock-neck dress in largescale floral and striped patterning featuring long sleeves with solid back panels
NECKLINE,sweetheart,long,"Candow Look Womens 50s pinup design sexy tops sweetheart short sleeves vintage style *Shipping from China. *Washing Instruction: Wash in cold water / do not bleach / mid-iron. *Hand wash separately in cold water, do not use machine. *Please check our size chart in the description, instead of amazon size chart; Choose the size based on your bust and waist size. *Fabric:cotton *Size: S,M,L,XL,XXL *Color: black,white *Size chart,in inches size S ,bust 36,waist 28, size M,bust 39,waist 31, size L,bust 42,waist 34, size XL,bust 45,waist 37, size XXL,bust 48,waist 40. *Size chart,in cm size S ,bust 91,waist 71, size M,bust 99,waist 79, size L,bust107,waist 86, size XL,bust 114,waist 94, size XXL,bust 122,waist 102. *Due to different measurement methods please allow 1-3 CM deviation, thank you for understanding."
NECKLINE,crew neckline,long,"Pleated Crew Neckline Knee Length Chiffon Flower Girl Dress Special Occasion Girl's Dress for Spring Summer Fall Parties, Birthdays, Dances, Flowergirl. Removable pinned flower. Fully Lined with a zipper. Available Girl's Sizes 2-12. Above-the-Knee Length Dress. 100% Polyester. Dry Clean or Hand Wash Only. Made in USA."
LENGTH,knee length,long,"Pleated Crew Neckline Knee Length Chiffon Flower Girl Dress Special Occasion Girl's Dress for Spring Summer Fall Parties, Birthdays, Dances, Flowergirl. Removable pinned flower. Fully Lined with a zipper. Available Girl's Sizes 2-12. Above-the-Knee Length Dress. 100% Polyester. Dry Clean or Hand Wash Only. Made in USA."
PATTERN,flower,long,"Pleated Crew Neckline Knee Length Chiffon Flower Girl Dress Special Occasion Girl's Dress for Spring Summer Fall Parties, Birthdays, Dances, Flowergirl. Removable pinned flower. Fully Lined with a zipper. Available Girl's Sizes 2-12. Above-the-Knee Length Dress. 100% Polyester. Dry Clean or Hand Wash Only. Made in USA."
PATTERN,flower,long,"Pleated Crew Neckline Knee Length Chiffon Flower Girl Dress Special Occasion Girl's Dress for Spring Summer Fall Parties, Birthdays, Dances, Flowergirl. Removable pinned flower. Fully Lined with a zipper. Available Girl's Sizes 2-12. Above-the-Knee Length Dress. 100% Polyester. Dry Clean or Hand Wash Only. Made in USA."
LENGTH,long,short,Ever-Pretty Womens Printed Floral Lace Long Formal Evening Party Dress 08386
NECKLINE,collar,short,Zeagoo Womens Stand Collar Zipper Floral Printed Lightweight Bomber Jacket Blazer
PATTERN,stripes,long,Style #: K459 The superb feel of interlock knit is striking on its own. Add in the subtle glow of jacquard knit shadow stripes and you have one of our most intriguing styles to date. This easy care polo takes a break from the ordinary with modern design. 6.2-ounce 58/42 cotton/poly Flat knit collar 3-button placket with pearlized buttons Open hem sleeves
NECKLINE,collar,long,Style #: K459 The superb feel of interlock knit is striking on its own. Add in the subtle glow of jacquard knit shadow stripes and you have one of our most intriguing styles to date. This easy care polo takes a break from the ordinary with modern design. 6.2-ounce 58/42 cotton/poly Flat knit collar 3-button placket with pearlized buttons Open hem sleeves
NECKLINE,scoop neckline,long,"Plus size black Love Me Always slogan print long sleeve t-shirt. Made from 100% cotton with scoop neckline, ruched detail to hem and diamante stud embellishment to print."
LENGTH,long,long,"Whatever the special occasion is, this twill relaxed fit button down work shirt will be a perfect fit. The wrinkle free and stain resistant fabric will make you feel comfortable all day long. This shirt is so easy care you won't stop wearing it. Perfect for the office, meetings, dinner dates, or just any special occasion."
NECKLINE,v - neck,long,Wedtrend Women's Sleeveless Double V-Neck Wedding Dress Lace Prom Dress With Train
NECKLINE,v - neck,long,"The best 21st birthday gift is a funny 21st birthday gift. The perfect birthday gift for women turning that milestone age of 21. This super snug V-neck tee is for a shorter and trimmer fit; better known as the Junior line. This top-quality, 100% cotton Ladies Juniors V-Neck is printed direct-to-garment with new age technology that preserves the color-fastness of the design. This unique Ladies Juniors V-Neck is designed and printed in the United States with eco-friendly ink, so it is safe for you and the environment. This durable, comfortable Ladies Juniors V-Neck is sure to be a hit, whether youre buying it as a gift for somebody special or wearing it yourself."
NECKLINE,v - neck,long,"The best 21st birthday gift is a funny 21st birthday gift. The perfect birthday gift for women turning that milestone age of 21. This super snug V-neck tee is for a shorter and trimmer fit; better known as the Junior line. This top-quality, 100% cotton Ladies Juniors V-Neck is printed direct-to-garment with new age technology that preserves the color-fastness of the design. This unique Ladies Juniors V-Neck is designed and printed in the United States with eco-friendly ink, so it is safe for you and the environment. This durable, comfortable Ladies Juniors V-Neck is sure to be a hit, whether youre buying it as a gift for somebody special or wearing it yourself."
LENGTH,long dress,short,ROSEMANDY Bohemian Style Flower Printed Short-sleeved Chiffon Long Dress
NECKLINE,polo,long,"U.S. Polo Assn. Big Boys' Yarn Dyed Striped Polo, Black, 10/12"
SLEEVE_STYLE,3 / 4 sleeves,long,Calvin Klein jacket features a stretch ponte knit lightweight fabric in a leopard animal print deisgn. Ruffle open front 3/4 sleeves in a generous longer length
PATTERN,stripe,long,"This dress is made gauze splicing. Unique stripe pattern makes it stand out from the crowd. Perspective gauze is always the best choice to well display your feminine. Whether for a party, or special occasions, this dress will make you be in spotlight. With it on, you will be a sexy, slim, tall lady. We believe you will love it when you feel its excellent quality and see its wonderful dressing effect. Tunic high waist with round hem, it is hard for you not be slim and hot. Still hesitate? You really don't have to, with such a reasonable price you can have a perfect top quality sexy maxi! Hope you will have a happy online shopping experience in our shop. Thanks for coming into Summerwhisper."
LENGTH,short,short,Original Penguin Men's Plaid Short with Buttoning Pockets
PATTERN,floral,long,"Feature: Floral Printed or Polka Dots, Adjustable Halter, Sleeveless, Retro"
NECKLINE,halter,long,"Feature: Floral Printed or Polka Dots, Adjustable Halter, Sleeveless, Retro"
LENGTH,mini,long,"A Grecian inspired chiffon dress featuring an elastic waist, a strapless design, a mini underlay with a sheer high low hem."
NECKLINE,crew neck,long,"Girls Sleeveless Pastel Skater Dress, Elasticated Waistband With Belt, Sleeveless, 95% Viscose 5% Elastane, Machine Washable, Crew Neck, Available In Ages 2-3, 3-4, 4-5, 5-6, 7-8, 9-10, 11-12 And 13 Years, ,"
SLEEVE_STYLE,sleeveless,long,"Girls Sleeveless Pastel Skater Dress, Elasticated Waistband With Belt, Sleeveless, 95% Viscose 5% Elastane, Machine Washable, Crew Neck, Available In Ages 2-3, 3-4, 4-5, 5-6, 7-8, 9-10, 11-12 And 13 Years, ,"
NECKLINE,polo,long,"You wear your Washington Redskins fanaticism proudly and with style! Look sharp on game day in this Dri-Fit polo. The embroidered Redskins graphic on the chest shows off your team pride. This polo also comes with e-systems fabric technology to keep you comfortable through every pass, interception and touchdown! > Officially licensed by the NFL > New with tags > Made by Majestic > Embroidered logo > E-systems performance-enhancing fabric > Tagless Collar > Color: Maroon > 100% Polyester > Machine wash > Big and tall sizes."
NECKLINE,collar,long,"You wear your Washington Redskins fanaticism proudly and with style! Look sharp on game day in this Dri-Fit polo. The embroidered Redskins graphic on the chest shows off your team pride. This polo also comes with e-systems fabric technology to keep you comfortable through every pass, interception and touchdown! > Officially licensed by the NFL > New with tags > Made by Majestic > Embroidered logo > E-systems performance-enhancing fabric > Tagless Collar > Color: Maroon > 100% Polyester > Machine wash > Big and tall sizes."
NECKLINE,v - neck,long,"A sexy little number for heartbreakers everywhere. Leatherette mini dress with mesh insert details and edgy v-neck studding to lure them in. We’re thinking black shoes, black clutch, and moody jewelry."
LENGTH,long,long,Grey Maternity Top 3/4 Sleeve Long Gray Blouse Tunic Angel Design Rhinestones
LENGTH,long,long,Can't have too many of these in your closet. Choose from a range of plaid colors and you'll enjoy the wrinkle resist finish for easy wear and care. A great look with khakis at the end of a long day out on the trail.
LENGTH,mini,short,Nautica Men's Big-Tall Mini Plaid Shirt
NECKLINE,button down,long,"The classic, ribbed crew neck t-shirt gets a timeless addition thanks to Levi's iconic batwing logo. Screen-printed on the front of this t-shirt in soft hand ink, it's a versatile look that works for any occasion, whether he's outside playing with friends or wearing it underneath a button down shirt for more formal affairs."
LENGTH,long,long,"This batik blouse is long, and made of a thin and lightweight but durable semi opaque fabric. It is a v neck blouse with detailed embroidery and sequins along the neckline, and a printed floral and leaf pattern. Material has a crinkle look, and drapes very elegantly. Sleeves are a good length."
NECKLINE,polo,long,"French Toast - Girls Long Sleeve Interlock Polo, Red, Our most popular polo has a new fit! Check here to view the changes! Classically styled with a sleek 3-button placket, our comfortable polo gets a feminine twist with picot trim at the collar, Ribbed cuffs, Cotton/polyester blend, Imported, Machine wash, #33659 33-659"
NECKLINE,collar,long,"French Toast - Girls Long Sleeve Interlock Polo, Red, Our most popular polo has a new fit! Check here to view the changes! Classically styled with a sleek 3-button placket, our comfortable polo gets a feminine twist with picot trim at the collar, Ribbed cuffs, Cotton/polyester blend, Imported, Machine wash, #33659 33-659"
SLEEVE_STYLE,tank,short,Printed camou burnout tropical palms sleeveless tank maxi dress
NECKLINE,round neckline,long,"Hidden back zip with keyhole and button closure at top. Round neckline with ladylike pleating throughout. Sleeveless design. Thin buckle belt at natural waist. Straight hemline on the above-the-knee skirt. 76% polyester, 20% rayon, 4% spandex. Machine wash cold, dry flat."
SLEEVE_STYLE,tank top,long,"COMFORT - This Modal Cap Sleeve Tank Top for Women is composed of 95% Modal, 5% Spandex and is resistant to shrinkage and fading."
LENGTH,long,long,Freedi XXL Sexy V Neck Long Knit Sweater Dress Gown Plus Size with Sleeve Green
SLEEVE_STYLE,tank,long,"The New Balance Achieve Reversible Tank packs a double punch. Double knit fabric and a racerback style blends comfort and performance. Add to that moisture-wicking NB DRY and odor-reducing NB FRESH technologies to help keep you cool and comfortable. Plus, one side a solid color and the other an eye-catching print, so when you flip this tank inside out you'll have two knockout looks."
NECKLINE,collar,long,The timeless schoolboy blazer is given a sophisticated twist to create a must have piece for Fall. Cut from a toasty wool plaid with a luxuriously soft hand this jacket has a slightly shrunken fit and authentic menswear-inspired design details like a notch collar vented back and two-button closure. Seaming flap pockets and a belted back detail lend some modern and feminine flair. Wear with jeans and boots for a look that's quintessentially equestrian or with the coordinating shorts for a fresh take on classic countryside chic. Fully lined and fits true to size. Maxstudio.
PATTERN,striped,long,Allegra K Women's Round Neck Long Sleeve Color Block Striped Tops T Shirts
NECKLINE,v - neck,long,"Take comfort to the next level with this luxuriously soft V-Neck T-Shirt. Crafted of 100% cotton, this V-Neck provides you with a comfortable and casual tee that you can wear everywhere. Pair with jeans and sandals for the ultimate laid back look or wear as an undershirt for all day comfort. Multiple sizes available."
SLEEVE_STYLE,half sleeve,long,"Made from a light weight poly-blend print shirt collar half sleeve waisted maxi dress regular fit color:multi dresses length:maxi material:polyester neckline:shirt collar shop looks:casual sleeve length:half sleeve our size is asia size, not us/uk size. s:bust:84cm,waist:66cm,length:153cm m:bust:88cm,waist:70cm,length:153cm l:bust:92cm,waist:74cm,length:153cm xl:bust:96cm,waist:78cm,length:153cm non-stretchable material polyester hand wash cold. the latest street fashion online store choies . Our mission is to bring heart to commerce and become the better origin of fashion inspiration. Our goal is to inspire and be inspired by cool girls all over the world."
LENGTH,maxi,long,"Made from a light weight poly-blend print shirt collar half sleeve waisted maxi dress regular fit color:multi dresses length:maxi material:polyester neckline:shirt collar shop looks:casual sleeve length:half sleeve our size is asia size, not us/uk size. s:bust:84cm,waist:66cm,length:153cm m:bust:88cm,waist:70cm,length:153cm l:bust:92cm,waist:74cm,length:153cm xl:bust:96cm,waist:78cm,length:153cm non-stretchable material polyester hand wash cold. the latest street fashion online store choies . Our mission is to bring heart to commerce and become the better origin of fashion inspiration. Our goal is to inspire and be inspired by cool girls all over the world."
NECKLINE,collar,long,"Made from a light weight poly-blend print shirt collar half sleeve waisted maxi dress regular fit color:multi dresses length:maxi material:polyester neckline:shirt collar shop looks:casual sleeve length:half sleeve our size is asia size, not us/uk size. s:bust:84cm,waist:66cm,length:153cm m:bust:88cm,waist:70cm,length:153cm l:bust:92cm,waist:74cm,length:153cm xl:bust:96cm,waist:78cm,length:153cm non-stretchable material polyester hand wash cold. the latest street fashion online store choies . Our mission is to bring heart to commerce and become the better origin of fashion inspiration. Our goal is to inspire and be inspired by cool girls all over the world."
SLEEVE_STYLE,tank,long,"Harley-Davidson Women's Ball of Fire Tank Top, 30290678. Front features a super cute and unique Bar & Shield dragon screen printed graphic. Back features a small Wisconsin Harley-Davidson Dealership logo. Super soft tank, made of 100% cotton. Attractive scoop neck. Keep it casual with a pair of your favorite jeans!"
NECKLINE,collar,long,"Adidas ClimaLite technology means that you stay comfortable in this Piqu polo when the temperature rises, 100% polyester piqu, 5.1 oz., moisture-wicking finish, rib-knit collar, three-button placket, set-in open-hem sleeves, side seams, Sizes: S-3XL."
PATTERN,stripe,long,"The Wrangler authentic short sleeve polo shirt is a classic in style and a must have for every boys' closet. The solid colors are perfect for school and the stripes are fun paired with Wrangler authentic jeans. Black, white, navy, and turf/navy stripe are 100 percent cotton and the charcoal/red stripe is 77 percent cotton/23 percent polyester."
PATTERN,stripe,long,"The Wrangler authentic short sleeve polo shirt is a classic in style and a must have for every boys' closet. The solid colors are perfect for school and the stripes are fun paired with Wrangler authentic jeans. Black, white, navy, and turf/navy stripe are 100 percent cotton and the charcoal/red stripe is 77 percent cotton/23 percent polyester."
PATTERN,stripes,long,"The Wrangler authentic short sleeve polo shirt is a classic in style and a must have for every boys' closet. The solid colors are perfect for school and the stripes are fun paired with Wrangler authentic jeans. Black, white, navy, and turf/navy stripe are 100 percent cotton and the charcoal/red stripe is 77 percent cotton/23 percent polyester."
NECKLINE,collar,short,1veMoon Women's Stand Collar Long-sleeve Lace Slimming Short Dress
SLEEVE_STYLE,short sleeves,long,"A sleeveless polka dots printed dress features a pretty, twirly circle pleated skirt and butterfly edge back perfect for pairing with long or short sleeves tops, party-ready look. In high quality soft cotton fabric, great for little toddler girl on any occasions"
LENGTH,long,long,"A sleeveless polka dots printed dress features a pretty, twirly circle pleated skirt and butterfly edge back perfect for pairing with long or short sleeves tops, party-ready look. In high quality soft cotton fabric, great for little toddler girl on any occasions"
LENGTH,long,long,"Represent your love for Berkeley, California, and Area Code 510 with this vintage-style print! We designed this to have a vintage, distressed look. Printed with eco-friendly inks on a soft, 4.2 oz. 100% ringspun cotton, adult unisex tank top. Available in sizes: XS (16.25"" wide, 26"" long), Small (18.25"" wide, 27"" long), Medium (20.25"" wide, 28"" long), Large (22.25"" wide, 29"" long), XL (24.25"" wide, 30"" long), and 2XL (26.25"" wide, 31"" long). This is also available in other styles in our Amazon storefront."
LENGTH,long,long,"Represent your love for Berkeley, California, and Area Code 510 with this vintage-style print! We designed this to have a vintage, distressed look. Printed with eco-friendly inks on a soft, 4.2 oz. 100% ringspun cotton, adult unisex tank top. Available in sizes: XS (16.25"" wide, 26"" long), Small (18.25"" wide, 27"" long), Medium (20.25"" wide, 28"" long), Large (22.25"" wide, 29"" long), XL (24.25"" wide, 30"" long), and 2XL (26.25"" wide, 31"" long). This is also available in other styles in our Amazon storefront."
LENGTH,long,long,"Represent your love for Berkeley, California, and Area Code 510 with this vintage-style print! We designed this to have a vintage, distressed look. Printed with eco-friendly inks on a soft, 4.2 oz. 100% ringspun cotton, adult unisex tank top. Available in sizes: XS (16.25"" wide, 26"" long), Small (18.25"" wide, 27"" long), Medium (20.25"" wide, 28"" long), Large (22.25"" wide, 29"" long), XL (24.25"" wide, 30"" long), and 2XL (26.25"" wide, 31"" long). This is also available in other styles in our Amazon storefront."
LENGTH,long,long,"Represent your love for Berkeley, California, and Area Code 510 with this vintage-style print! We designed this to have a vintage, distressed look. Printed with eco-friendly inks on a soft, 4.2 oz. 100% ringspun cotton, adult unisex tank top. Available in sizes: XS (16.25"" wide, 26"" long), Small (18.25"" wide, 27"" long), Medium (20.25"" wide, 28"" long), Large (22.25"" wide, 29"" long), XL (24.25"" wide, 30"" long), and 2XL (26.25"" wide, 31"" long). This is also available in other styles in our Amazon storefront."
LENGTH,long,long,"Represent your love for Berkeley, California, and Area Code 510 with this vintage-style print! We designed this to have a vintage, distressed look. Printed with eco-friendly inks on a soft, 4.2 oz. 100% ringspun cotton, adult unisex tank top. Available in sizes: XS (16.25"" wide, 26"" long), Small (18.25"" wide, 27"" long), Medium (20.25"" wide, 28"" long), Large (22.25"" wide, 29"" long), XL (24.25"" wide, 30"" long), and 2XL (26.25"" wide, 31"" long). This is also available in other styles in our Amazon storefront."
LENGTH,long,long,"Represent your love for Berkeley, California, and Area Code 510 with this vintage-style print! We designed this to have a vintage, distressed look. Printed with eco-friendly inks on a soft, 4.2 oz. 100% ringspun cotton, adult unisex tank top. Available in sizes: XS (16.25"" wide, 26"" long), Small (18.25"" wide, 27"" long), Medium (20.25"" wide, 28"" long), Large (22.25"" wide, 29"" long), XL (24.25"" wide, 30"" long), and 2XL (26.25"" wide, 31"" long). This is also available in other styles in our Amazon storefront."
SLEEVE_STYLE,tank,long,"The tank featuring red rose and number 23 pattern. Round neckline. Sleeveless. Mesh accent. XS:Length:27.95"",Bust:37.01"",Waists:35.43""S:Length:29.13"",Bust:37.8"",Waists:36.22""M:Length:30.31"",Bust:39.37"",Waists:37.8""L:Length:31.5"",Bust:40.94"",Waists:39.37""--AG60660 Latest High Street Fashion Online | Agatha Garcia. The popularity of Agatha Garcia has already swept through the fashion industry as this commonly known brand was only founded in the year 2011. With unquestionably numerous competitors fighting in the same cage, it now stands as one of the most acclaimed online stores for women's clothing & makeup. Agatha Garcia provides the frontier fashion trends with some of the lowest prices in the entire industry, committed to uplift the spirit and soul of every woman on the planet by making them look good as well as saving their money at the same time. Agatha Garcia works with some of the finest suppliers, striving for excellent quality and reasonable prices for fashion lovers around the globe. Agatha Garciaers: They pursue fashion, lead fashion, make fashion, and deliver fashion. They would love to deliver some love to you as well."
PATTERN,floral,short,All over floral pattern lace maxi skirt
LENGTH,maxi,long,"Maxi dresses are trending for the warmer seasons, and this dress is no exception! Features a floral print, v neckline, full length maxi style, defined cinched waist, and tie detailing on the shoulder straps. Pair with wedges and your favorite sunglasses for the perfect summer look! Wear for beach days, pool parties, movie nights, shopping trips, cruises, lounging around, running errands, and more!"
SLEEVE_STYLE,sleeveless,long,"SKU: 100080 Category: Prom Dresses Brand: Dearta Silhouette: Ball Gown Neckline: Sweetheart Hemline/Train: Floor-Length Sleeve Style: Sleeveless Embellishment: Beading Back Details: Lace-up Fully lined: Yes Built-In Bra: Yes Fabric: Tulle Wedding Venues: Church/Hall/Outdoor/Garden Season: Spring/Summer/Fall/Winter Net Weight: 2.5KG Shipping Weight: 3.0KG After you have made an order, please give us your sizes of Bust, Waist, Hip, from Shoulder to floor with shoes Email us for any questions and we will response you in time"
LENGTH,gown,long,"SKU: 100080 Category: Prom Dresses Brand: Dearta Silhouette: Ball Gown Neckline: Sweetheart Hemline/Train: Floor-Length Sleeve Style: Sleeveless Embellishment: Beading Back Details: Lace-up Fully lined: Yes Built-In Bra: Yes Fabric: Tulle Wedding Venues: Church/Hall/Outdoor/Garden Season: Spring/Summer/Fall/Winter Net Weight: 2.5KG Shipping Weight: 3.0KG After you have made an order, please give us your sizes of Bust, Waist, Hip, from Shoulder to floor with shoes Email us for any questions and we will response you in time"
LENGTH,long,short,Women Chiffon Pleated Retro Maxi Long Skirt
LENGTH,long,short,Viwenni Women's Sleeveless Sexy Strap Slit Long Party Formal Dress
NECKLINE,polo,long,Tommy Hilfiger Mens Pique Polos feature: Solid polo is lightweight 100% cotton pique Rib knit collar with fully taped neck system Three button placket Inside placket with embroidered TH flag logo Short sleeves are banded Longer back hem with taped vented sides
NECKLINE,collar,long,Tommy Hilfiger Mens Pique Polos feature: Solid polo is lightweight 100% cotton pique Rib knit collar with fully taped neck system Three button placket Inside placket with embroidered TH flag logo Short sleeves are banded Longer back hem with taped vented sides
NECKLINE,collar,short,Peter pan collar blouse-long sleeve
PATTERN,stripe,short,Splendid Women's Cerine Slub Stripe Short-Sleeve Crew
LENGTH,long,long,"Cute, flattering tank dress with an animal print and sequin finish. Zebra print dress and cheetah print dress available in sizes small through large. Sizing Small: 33"" Long Medium: 33.5"" Long Large: 34"" Material: 60% cotton / 35% rayon / 5% spandex Model is 5' 9"" tall, size 0, wearing size small in this dress. Care Instructions: machine wash cold, do not bleac, tumble dry low Save on shipping when you order multiple animal print dresse, or combine with other Ragstock items. Search for ""Ragstock"" to see our huge selection of items on Amazon."
LENGTH,long,long,"Cute, flattering tank dress with an animal print and sequin finish. Zebra print dress and cheetah print dress available in sizes small through large. Sizing Small: 33"" Long Medium: 33.5"" Long Large: 34"" Material: 60% cotton / 35% rayon / 5% spandex Model is 5' 9"" tall, size 0, wearing size small in this dress. Care Instructions: machine wash cold, do not bleac, tumble dry low Save on shipping when you order multiple animal print dresse, or combine with other Ragstock items. Search for ""Ragstock"" to see our huge selection of items on Amazon."
SLEEVE_STYLE,sleeveless,long,Alice & Elmer Women's Rayon Sleeveless High-Necked Cut Out Midi Bandage Dress
LENGTH,long,short,EMMALADY Long Black Applique Evening Formal Prom Party Cocktail Dresses Wedding Gown
NECKLINE,polo shirt,long,"Dickies Kid's Long Sleeve Pique Polo Shirt, Size 18-20 X-Large, Yellow"
NECKLINE,sweetheart,long,"A sensational short dress for junior prom, semi formals, or homecoming featuring a strapless sweetheart bodice accented with shirring and sparkling sequins and beads. Layers of wired edged organza ruffles create a flirty short skirt."
LENGTH,short,long,"A sensational short dress for junior prom, semi formals, or homecoming featuring a strapless sweetheart bodice accented with shirring and sparkling sequins and beads. Layers of wired edged organza ruffles create a flirty short skirt."
SLEEVE_STYLE,tank,long,"This unisex graphic tank top has larger cut arm holes and is not a tight fitted tank. This tank has a larger cut adult spec and it DOES NOT have tapered sized or side size seams. This type of shirt is for a better a loose adult fit. Please review sizes before you buy, we want you to be satisfied with your purchase!"
SLEEVE_STYLE,tank,long,"This unisex graphic tank top has larger cut arm holes and is not a tight fitted tank. This tank has a larger cut adult spec and it DOES NOT have tapered sized or side size seams. This type of shirt is for a better a loose adult fit. Please review sizes before you buy, we want you to be satisfied with your purchase!"
NECKLINE,crew neck,short,Crew Neck Short Sleeve Men's Women's Youth
SLEEVE_STYLE,tank,short,Lucky Brand missy sleeveless woven tank and tonal embroidery
SLEEVE_STYLE,long sleeves,long,"To see more similar products, please click the brand name QZUnique or browse in our store Global Best Discount . Item Specifics : *Material: Polyester and Woolen *Occasion: Casual or Party *Care Instruction: Hand wash inside out gently, wash separately in cold water *Women's autumn knitted sweater dress features round neck, long sleeves with plaid cuff, drop waist stitched with plaid ruffled hem, loose and casual style; Elegant new arrivel autumn dress, multiple sizes available, fashion and stylish design, suitable for multiple occasions Size Type : US Size Please refer to the size information below before ordering, or you can contact us directly if you have any questions concerning the size choice: Bust(inches) --US S:40.2"", US M:42.1"", US L:44.1"", US XL:46.1"", US 2XL:48.0"" Sleeve Length(inches) --US S:22.8"", US M:23.0"", US L:23.2"", US XL:23.4"", US 2XL:23.6"" Shoulder Width(inches) --US S:15.4"", US M:15.7"", US L:16.1"", US XL:16.5"", US 2XL:16.9"" Dress Length(inches) --US S:31.5"", US M:32.1"", US L:32.7"", US XL:33.3"", US 2XL:33.9"" Suggested Weight(kg) --US S:50-60kg, US M:60-73kg, US L:70-83kg , US XL:80-90kg, US 2XL:87-105kg Return Policy : Free exchange for wrong item shipped or item damaged. For DO NOT LIKE STYLE/COLOR reason or size problem, customer's responsibility to return the items to our facility in CA, US. Notes : Due to manual measurement, it allows 1-2(cm) discrepancy. Please be reminded that due to lighting effects and monitor's brightness/contrast settings etc., the color tone of the website's photo and the actual item could be slightly different. Thanks for your understanding!"
NECKLINE,round neck,long,"To see more similar products, please click the brand name QZUnique or browse in our store Global Best Discount . Item Specifics : *Material: Polyester and Woolen *Occasion: Casual or Party *Care Instruction: Hand wash inside out gently, wash separately in cold water *Women's autumn knitted sweater dress features round neck, long sleeves with plaid cuff, drop waist stitched with plaid ruffled hem, loose and casual style; Elegant new arrivel autumn dress, multiple sizes available, fashion and stylish design, suitable for multiple occasions Size Type : US Size Please refer to the size information below before ordering, or you can contact us directly if you have any questions concerning the size choice: Bust(inches) --US S:40.2"", US M:42.1"", US L:44.1"", US XL:46.1"", US 2XL:48.0"" Sleeve Length(inches) --US S:22.8"", US M:23.0"", US L:23.2"", US XL:23.4"", US 2XL:23.6"" Shoulder Width(inches) --US S:15.4"", US M:15.7"", US L:16.1"", US XL:16.5"", US 2XL:16.9"" Dress Length(inches) --US S:31.5"", US M:32.1"", US L:32.7"", US XL:33.3"", US 2XL:33.9"" Suggested Weight(kg) --US S:50-60kg, US M:60-73kg, US L:70-83kg , US XL:80-90kg, US 2XL:87-105kg Return Policy : Free exchange for wrong item shipped or item damaged. For DO NOT LIKE STYLE/COLOR reason or size problem, customer's responsibility to return the items to our facility in CA, US. Notes : Due to manual measurement, it allows 1-2(cm) discrepancy. Please be reminded that due to lighting effects and monitor's brightness/contrast settings etc., the color tone of the website's photo and the actual item could be slightly different. Thanks for your understanding!"
PATTERN,plaid,long,"To see more similar products, please click the brand name QZUnique or browse in our store Global Best Discount . Item Specifics : *Material: Polyester and Woolen *Occasion: Casual or Party *Care Instruction: Hand wash inside out gently, wash separately in cold water *Women's autumn knitted sweater dress features round neck, long sleeves with plaid cuff, drop waist stitched with plaid ruffled hem, loose and casual style; Elegant new arrivel autumn dress, multiple sizes available, fashion and stylish design, suitable for multiple occasions Size Type : US Size Please refer to the size information below before ordering, or you can contact us directly if you have any questions concerning the size choice: Bust(inches) --US S:40.2"", US M:42.1"", US L:44.1"", US XL:46.1"", US 2XL:48.0"" Sleeve Length(inches) --US S:22.8"", US M:23.0"", US L:23.2"", US XL:23.4"", US 2XL:23.6"" Shoulder Width(inches) --US S:15.4"", US M:15.7"", US L:16.1"", US XL:16.5"", US 2XL:16.9"" Dress Length(inches) --US S:31.5"", US M:32.1"", US L:32.7"", US XL:33.3"", US 2XL:33.9"" Suggested Weight(kg) --US S:50-60kg, US M:60-73kg, US L:70-83kg , US XL:80-90kg, US 2XL:87-105kg Return Policy : Free exchange for wrong item shipped or item damaged. For DO NOT LIKE STYLE/COLOR reason or size problem, customer's responsibility to return the items to our facility in CA, US. Notes : Due to manual measurement, it allows 1-2(cm) discrepancy. Please be reminded that due to lighting effects and monitor's brightness/contrast settings etc., the color tone of the website's photo and the actual item could be slightly different. Thanks for your understanding!"
NECKLINE,v - neck,long,Women Summer Beach Sundress Boho Halter V -neck Backless Hollow Maxi Long Dress
NECKLINE,halter,long,Women Summer Beach Sundress Boho Halter V -neck Backless Hollow Maxi Long Dress
LENGTH,maxi,long,Women Summer Beach Sundress Boho Halter V -neck Backless Hollow Maxi Long Dress
NECKLINE,round neck,long,Fabric: Fabric is very stretchy Season: Fall Pattern Type: Plain Sleeve Length: Long Sleeve Color: Black Dresses Length: Short Style: Basic Neckline: Round Neck Silhouette: Shift
LENGTH,short,long,Fabric: Fabric is very stretchy Season: Fall Pattern Type: Plain Sleeve Length: Long Sleeve Color: Black Dresses Length: Short Style: Basic Neckline: Round Neck Silhouette: Shift
NECKLINE,polo,long,This essential polo adds a modern twist to a classic uniform staple! Adorable ruched sleeves and floral buttons add a feminine flair to this uniform polo.
PATTERN,floral,long,This essential polo adds a modern twist to a classic uniform staple! Adorable ruched sleeves and floral buttons add a feminine flair to this uniform polo.
LENGTH,long,short,Lingswallow Women's Suede Tassel Fringe Brown High Waist Long Pencil Skirt
NECKLINE,v - neck,long,Meier Women's Sleeveless V-Neck Short Lace Mother of Bride Dress
LENGTH,short,long,Meier Women's Sleeveless V-Neck Short Lace Mother of Bride Dress
SLEEVE_STYLE,long sleeve,long,"Yidarton Women's Striped Long Sleeve Dress Casual T-shirt Dresses with Pockets About Product: Spandex+ Polyester Item Type: Women Dresses Dress Type: Women Shirt Dresses Style: Casual, Vintage, Trendy Design: Stripe Printed Design Sleeve: Long Sleeve Season: Autumn, Winter, Spring Package Content: 1 x Women T-shirt Dress Color Disclaimer: Due to different monitor settings, the color you see on your screen may not as an exact color of the product, but we strive to make our colors as accurate as possible. Thanks for your understanding. After Service: If you have any question about this dress, welcome to contact us, we will solve your problem ASAP. Thanks for choosing us!"
PATTERN,stripe,long,"Yidarton Women's Striped Long Sleeve Dress Casual T-shirt Dresses with Pockets About Product: Spandex+ Polyester Item Type: Women Dresses Dress Type: Women Shirt Dresses Style: Casual, Vintage, Trendy Design: Stripe Printed Design Sleeve: Long Sleeve Season: Autumn, Winter, Spring Package Content: 1 x Women T-shirt Dress Color Disclaimer: Due to different monitor settings, the color you see on your screen may not as an exact color of the product, but we strive to make our colors as accurate as possible. Thanks for your understanding. After Service: If you have any question about this dress, welcome to contact us, we will solve your problem ASAP. Thanks for choosing us!"
LENGTH,long,long,"Do you love to let your inner gypsy loose, and wear hand-dyed, colorful long skirts? Do you enjoy the look and feel of natural fibers like rayon? Our bohemian maxi skirt is made from 100% rayon fabric. Rayon is made from natural cellulose plant material and, like cotton, is breathable and absorbent. It is soft and lightweight, perfect for spinning and twirling skirts when you dance, and absorbs color dyes to get the most brilliant hues! We have hand-dyed the most luxurious and most vivid colors, and combined them in eight-panel curved lines that create a swirling, flared look to the skirt design. You have the choice of 8 color options, all with rich, bright shades that complement each other in both eye-catching dramatic color and pattern. The skirt is made to fit sizes Small to Extra-Large, or approximately sizes 8-14. Theres a 40 waist allowance and 50 hip allowance in the fabric, and a wide band of solid black at the waist that encases an adjustable drawstring for perfect fit! The skirt is hand-washable, separate from other clothing, and then can be air-dried or dried flat on a towel. Youre going to love wearing this comfortable long skirt that brings out your wild, gypsy nature! Click Add to Cart now to order your skirt today!"
SLEEVE_STYLE,short sleeve,long,Sleeve Style: Short Sleeve;Neckline:Low Round Neck;Occasion:Casual/Party
SLEEVE_STYLE,short sleeve,long,Big and tall short sleeve seaport poplin large plaid shirt with button down collar
PATTERN,plaid,long,Big and tall short sleeve seaport poplin large plaid shirt with button down collar
NECKLINE,o - neck,long,"Features:Sleeveless,O-Neck,Side Zipper,Solid Pattern,Fit and Flare Full Length"
LENGTH,full length,long,"Features:Sleeveless,O-Neck,Side Zipper,Solid Pattern,Fit and Flare Full Length"
SLEEVE_STYLE,short sleeves,short,Scoop neck empire waist sweater dress with tie and short sleeves
NECKLINE,collar,short,Vobaga Women's Lace Spliced Shirt Long Sleeve Stand Collar Tops Blouse
NECKLINE,scoop neck,long,"This Isaac Mizrahi Women's Printed Sleeveless Tank is made from Lightweight 88% Polyester/ 12% Elastane fabric that's super soft and comfortable is a must have in any active lounge wardrobe. Wear it as a layering piece or alone around the house or to sleep in. Top Features: Scoop neck, sleeveless, racerback, gold trim and allover printer letter detail, You'll find many reasons to make this tank yours."
SLEEVE_STYLE,tank,long,"This Isaac Mizrahi Women's Printed Sleeveless Tank is made from Lightweight 88% Polyester/ 12% Elastane fabric that's super soft and comfortable is a must have in any active lounge wardrobe. Wear it as a layering piece or alone around the house or to sleep in. Top Features: Scoop neck, sleeveless, racerback, gold trim and allover printer letter detail, You'll find many reasons to make this tank yours."
SLEEVE_STYLE,tank,long,"This Isaac Mizrahi Women's Printed Sleeveless Tank is made from Lightweight 88% Polyester/ 12% Elastane fabric that's super soft and comfortable is a must have in any active lounge wardrobe. Wear it as a layering piece or alone around the house or to sleep in. Top Features: Scoop neck, sleeveless, racerback, gold trim and allover printer letter detail, You'll find many reasons to make this tank yours."
SLEEVE_STYLE,short - sleeve,long,"Like an employee of the month, this easy care short-sleeve dress shirt won't let you down. It's smart styling features a convenient chest pocket and unique wood-tone buttons. A box pleat in the back allows for comfortable range of motion while the fabric manages moisture to help keep you dry. But easy movement and wicking fabric are just the beginning of this dress shirt's skills. The comfortable fabric contains color-retention and stain-resistant technology that keeps it looking bright and spiffy shift after shift. If you work in manufacturing, transportation, distribution, maintenance or other specialty trades, you can depend on this easy care poplin short-sleeve dress shirt."
NECKLINE,dress shirt,long,"Like an employee of the month, this easy care short-sleeve dress shirt won't let you down. It's smart styling features a convenient chest pocket and unique wood-tone buttons. A box pleat in the back allows for comfortable range of motion while the fabric manages moisture to help keep you dry. But easy movement and wicking fabric are just the beginning of this dress shirt's skills. The comfortable fabric contains color-retention and stain-resistant technology that keeps it looking bright and spiffy shift after shift. If you work in manufacturing, transportation, distribution, maintenance or other specialty trades, you can depend on this easy care poplin short-sleeve dress shirt."
NECKLINE,dress shirt,long,"Like an employee of the month, this easy care short-sleeve dress shirt won't let you down. It's smart styling features a convenient chest pocket and unique wood-tone buttons. A box pleat in the back allows for comfortable range of motion while the fabric manages moisture to help keep you dry. But easy movement and wicking fabric are just the beginning of this dress shirt's skills. The comfortable fabric contains color-retention and stain-resistant technology that keeps it looking bright and spiffy shift after shift. If you work in manufacturing, transportation, distribution, maintenance or other specialty trades, you can depend on this easy care poplin short-sleeve dress shirt."
PATTERN,stripe,short,Long sleeved crewneck raglan style with stripe knit tee
PATTERN,camo,long,"Tie-Dye T-Shirt - Short Sleeve - 100% Cotton - Camo (Small, Camo) [Apparel]"
PATTERN,camo,long,"Tie-Dye T-Shirt - Short Sleeve - 100% Cotton - Camo (Small, Camo) [Apparel]"
NECKLINE,polo,long,"Here it is, that perfect polo you've been Searching for. It's the kind of polo that will turn heads the second you hit the course - and is bound to result in extreme confidence, followed by a round of 18 you've only played in your dreams. And when you go to Pat yourself on the back, We'll betcha it's dry, thanks to our moisture-wicking dry cell technology."
LENGTH,mini,long,Button-front dress shirt in mini check featuring single chest pocket and long sleeves with regular cuffs
SLEEVE_STYLE,tank,long,One of our Trademarked Designs - MAKE SURE ABOVE SHIPPER SAYS Funny Threadz OR ITS COUNTERFEIT Super GREAT seller one of our best sellers by far - For all of you training and dont care to be tiiny this tank is for you. Get tons of laughs with this sexy tank! Our Next Level burnout tanks are the softest in the industry and most popular and light weight for working out. Enjoy our super fast shipping!
SLEEVE_STYLE,tank top,long,X-Large Athletic Heather Adult Hubby Funny Newlywed Bride Groom Sleeveless Tank Top T-Shirt
NECKLINE,crew neck,short,"Long Sleeves, Crew neck"
LENGTH,maxi skirt,long,"TendzArt Azules Poly Span Floral Print Full Length Long Maxi Skirt - Made in USA (X-Large, Purple+Mint+Yellow)"
NECKLINE,point collar,long,Button-front flannel shirt in horizontal stripes featuring point collar and embroidered logoing at chest
SLEEVE_STYLE,long sleeves,short,Short high neck crepe dress with pearl trim and long sleeves
SLEEVE_STYLE,tank top,long,"ZHENGXINGZHENGXING Men's Ohio State Buckeyes Logo Tank Top.All Our Tank Top Are By Handmade.Tank Top Design Funny Cool Sport,Digital Direct Printing,eco-friendly Ink."
SLEEVE_STYLE,tank top,long,"ZHENGXINGZHENGXING Men's Ohio State Buckeyes Logo Tank Top.All Our Tank Top Are By Handmade.Tank Top Design Funny Cool Sport,Digital Direct Printing,eco-friendly Ink."
SLEEVE_STYLE,short - sleeve,long,Short-sleeve button-front shirt in tonal floral pattern featuring straight seams at front and back yokes
LENGTH,maxi dress,short,SurelyMine Women's Dolman Long Sleeve Asymmetrical Draped Neck Maxi Dress
SLEEVE_STYLE,spaghetti strap,long,ViiViiKay Women's Basic Spaghetti Strap Lace Trim Cami Tank Top Junior To Plus
SLEEVE_STYLE,cami,long,ViiViiKay Women's Basic Spaghetti Strap Lace Trim Cami Tank Top Junior To Plus
NECKLINE,scoop neckline,long,"Balloon long sleeves, scoop neckline with ruffle trim and cut out keyhole detail, all over spangle dot print, slip on, back ties"
NECKLINE,henley,short,"Long sleeve, three button henley in cotton and linen blend"
NECKLINE,collar,long,French Toast School Uniforms Short Sleeve Pointy Collar Blouse (Feminine Fit) Girls White 8
NECKLINE,collar,long,"Hanes Beefy-T Long Sleeve T-Shirts are the most comfortable and durable shirts yet. Product Features:Most comfortable and durable, long sleeve t-shirt, Double-needle cover-seamed neck with lay flat collar, Comfortable rib knit cuffs, Double-needle sleeves and bottom hem?, Shoulder-to-shoulder tape, Tag-free neck label for comfort, High-stitch density fabric, Pre-shrunk jersey knit, Made from 100% ring-spun cotton for softness and durability."
PATTERN,stripes,long,Be ready for the round up or any other rowdy pursuits in the el rancho shirt from Volcom. A classic fit short sleeve button up with chest patch pocket and all over printed stripes.
LENGTH,long,long,Forever Mens Long Full Sleeve Polo Collar T-shirt Hi Viz Reflective Workwear Top
LENGTH,long,long,"Here is every lady's MUST-HAVE maxi dress! Stylish and Comfortable! It's easy to pair with any heels or boots, and you'll be the ""it"" girl at parties and clubs! A casual dress featuring a city-chic full length maxi design. Stylish multicolored striped pattern. Deep V-neckline. Ruffled front details. Sleeveless with banded straps. Low-cut open back design. A soft, comfy and silky chiffon fabric. Smocked stretchy wasit that fits all body types comfortably! High waistline elongates your legs. Flowy long skirt with shirred horizontal paneling. Fully lined. Medium weight. It's great for both day and evening occasions including clubbing, parties, lounging, vacations, or just chilling with friends!"
LENGTH,maxi,long,"Here is every lady's MUST-HAVE maxi dress! Stylish and Comfortable! It's easy to pair with any heels or boots, and you'll be the ""it"" girl at parties and clubs! A casual dress featuring a city-chic full length maxi design. Stylish multicolored striped pattern. Deep V-neckline. Ruffled front details. Sleeveless with banded straps. Low-cut open back design. A soft, comfy and silky chiffon fabric. Smocked stretchy wasit that fits all body types comfortably! High waistline elongates your legs. Flowy long skirt with shirred horizontal paneling. Fully lined. Medium weight. It's great for both day and evening occasions including clubbing, parties, lounging, vacations, or just chilling with friends!"
PATTERN,flowers,long,Printed poly CDC flowers shift dress. Round neckline. Dress is lined with poly ggt lining.
LENGTH,knee length,long,OFTEN Women's Ladies Polka Dot Long Sleeve V-Neck Knee Length Bodycon Dress
LENGTH,pencil,long,"This Pencil Dress is suit for Daily, Casual, Work, Party, Office, Prom, Formal. This midi dress is super cute and is perfect for the summer. Pair with your favorite sandals or wedges for a day look and heels to dress them up for a night out!"
NECKLINE,scoop neck,short,"Scoop neck, sleeveless, center back zipper closure"
SLEEVE_STYLE,short sleeve,long,"Color blocked performance short sleeve crew with contrast insets offers a nice fashion statement to shorts or denim. Raglan sleeve design offers a little more tapperd fit, generous cut offers added comfort to this garment. Moisture wicking properties of the garment are an added plus to this short sleeve crew.The main benefits are fast drying which maintains a cool body temperature. Plus this fabric does not tend to cling, you will really enjoy wearing this piece."
PATTERN,stripe,short,adidas Golf Men's Climachill USA Heather Stripe Polo
NECKLINE,henley,long,Heathered long-sleeve top featuring four-button Henley placket and embroidered logo at chest
LENGTH,short,short,"Ecko short, plaid short pant."
LENGTH,short,short,"Ecko short, plaid short pant."
NECKLINE,henley,short,Karen Scott Women's Foliage Print V-Neck Henley
SLEEVE_STYLE,sleeveless,short,"Frumos Womens Tropical Sleeveless Racerback Maxi Dress,Made In USA"
LENGTH,long,short,Strapless Top Colorblocked Striped Sexy Long Maxi Dress (Emerald Multicolor)
NECKLINE,round neckline,short,Round neckline. Sleeveless
NECKLINE,sweetheart,long,"This elegant wedding dress is perfect for your outdoor wedding. The bust is made of high quality chiffon with lace appliques overlay and is padded. The flowing chiffon skirt elegantly moves with you. The back is lace up, if the dress is not very fit your body, you can adjust the ribbon to make the dress fit you better. Specification : Neckline: Sweetheart Material: Chiffon, Lace Hemline: Floor Length Back Detail: Lace Up Packing List :1*wedding dress Return policy We could not accept your return request if the dress issues are caused by yourself. Such as wrong size provided or wrong color selected. If you receive a defective dress or wrong size (wrong color, wrong dress),please contact us within 3 days after receive the dress.(Returned item must be completed, unused, unwashed with original tags and packaging.)Send your dress back, after we check it well, we will refund your money or we will resend you a new dress. All the dresses don't come with the accessories displayed in the picture"
LENGTH,long,long,LOCOMO One Shoulder Long Mesh Angel Sleeve Mini Dress FFD016 S-M Black
LENGTH,gown,long,"Our wonderfully glamorous and at the same time comfortable dress is made to take into account every change of your body (we do remember that ankles sometimes get swollen) and it even offers help in maintaining the optimum level of hygiene (deep V neck offers ingenious nursing access). So if you seek the best combo of comfort, function and aesthetics, you came to the right placefor the right thing. Highlights Maxi sleeveless dress features a ruched empire waist that draws all attention to the slimmest part of your body. Braided double straps not only offer a very high level of comfort (no digging in as those skinny spaghetti straps) but also lend haute couture look to the gown. Loose fit provides freedom of movement and enough room for your growing belly without creating a baggy or shapeless look. No fasteners or zippers, just slip it on. Deep V-neck allows for easy breastfeeding access during nursing period. Full length dress keeps your legs from getting chilly in air-conditioned buildings. The skirt is full length and generously full for a delightful swirl as you walk. Pair your maxi dress with cute kitten-heeled peep toes for a natural summery look or with heels to look sophisticated at your baby shower or any other special occasion. Fabric and care tips Material composition: 93% - viscose, 7% - elastane. The smooth silky fabric with light sheen has great stretch and proper recovery. It drapes nicely, keeps its shape through many wears and doesn't cling. We use hypoallergenic materials and textile dyes that don't irritate future moms' sensitive skin. To keep your dress looking like new one, machine wash it inside out with like colors at 86 F / 30 C. Avoid bleaching, tumble drying. Iron it at low temperature, if necessary."
LENGTH,maxi,short,Maxi Midi Dress
SLEEVE_STYLE,tanks,long,Belle Donne proudly presents you these perfectly designed Sleeveless Racerback Rib Top Tanks for women. The camisoles comes in Junior and Plus size. Winters or Summer these are designed by keeping outdoors as well as indoors activities in mind.
NECKLINE,v - neck,long,Mens T-Shirts Long Sleeves Cotton Slim V-Neck Undershirt Army Green US Size XL
NECKLINE,scoop neck,long,"The Under Armour Victory Women's Tank Top Vest is designed with lightweight UA Tech fabric technology for a softer, more natural feel, providing incredible comfort. A 2 x 2 rib construction technology helps to improve mobility and accelerate drying time, whilst a Superior Moisture Transport System helps to keep you dry, comfortable, and cool. A scoop neck and racerback design accommodates a full range of motion without chafing."
NECKLINE,collar,long,"Two tone color contrast long sleeve keyhole back, curved collar woven top."
NECKLINE,polo,long,"The AriattekTM polo combines classic polo styling with advanced technology features. AriattekTM series utilizes advanced fabric technology to defend against the elements, polos feature a rib collar and placket in a breathable fabric"
NECKLINE,collar,long,"The AriattekTM polo combines classic polo styling with advanced technology features. AriattekTM series utilizes advanced fabric technology to defend against the elements, polos feature a rib collar and placket in a breathable fabric"
LENGTH,long,long,"Soft Long Tank Top that allows for easy breastfeeding access. Designed to fit the post partum body, there is extra room in the chest as well as extra length added to the shirt."
PATTERN,stripe,short,John Henry Men's Long Sleeve Ombre Stripe Shirt
NECKLINE,scoop neckline,long,"Plus size Black large daisy print dipped hem sleeveless top with small pocket to the front panel. Made from a soft woven fabric this top has binding to the scoop neckline and armholes, and a dipped hem to the back. This lovely top is great value for money, and can be dressed up or down for any occasion. Wear with stone chinos for a smart casual look."
NECKLINE,strapless,short,Strapless Sleeveless Pearl Purple Butterfly Elegant Sweet Princess Wedding Dresses
SLEEVE_STYLE,sleeveless,long,"Material:Chiffon,Neckline:Sweetheart,Sleeve:Sleeveless,Dress Length:Floor Length,Back:Zipper,Decoration:Beading"
NECKLINE,sweetheart,long,"Material:Chiffon,Neckline:Sweetheart,Sleeve:Sleeveless,Dress Length:Floor Length,Back:Zipper,Decoration:Beading"
LENGTH,mini,long,Short-sleeve shirt in enzyme-washed dye featuring mini-crosses pattern under yoke and chest pocket trim
LENGTH,maxi,short,ECOWISH Women's Floral Long Sleeve Deep V Neck Maxi Long Dress
NECKLINE,collar,short,Black and purple plaid collar and bow
NECKLINE,round neck,short,"Round neck, short sleeve, above knee"
LENGTH,above knee,short,"Round neck, short sleeve, above knee"
SLEEVE_STYLE,short sleeves,long,Four-button polo shirt in slim fit featuring short sleeves and chest pocket
LENGTH,gown,long,Ball Gown Small Round Collar Floor-Length Flower Girl Dress Satin/ Organza
NECKLINE,collar,long,Ball Gown Small Round Collar Floor-Length Flower Girl Dress Satin/ Organza
PATTERN,flower,long,Ball Gown Small Round Collar Floor-Length Flower Girl Dress Satin/ Organza
SLEEVE_STYLE,long sleeves,long,"Go bold with this varsity inspired jacket featuring a letter B patch. Includes button closure, striped ribbed baseball collar, long sleeves with striped ribbed cuffs, and 2 angled waist pockets."
PATTERN,striped,long,"Go bold with this varsity inspired jacket featuring a letter B patch. Includes button closure, striped ribbed baseball collar, long sleeves with striped ribbed cuffs, and 2 angled waist pockets."
NECKLINE,collar,long,"Go bold with this varsity inspired jacket featuring a letter B patch. Includes button closure, striped ribbed baseball collar, long sleeves with striped ribbed cuffs, and 2 angled waist pockets."
SLEEVE_STYLE,long sleeve,long,"Wicked Tees officially licensed new womens JLA ZATANNA ILLUSION t-shirt tee. This novelty tee is color BLACK. Standout from the crowd in this 100% officially licensed JLA shirt. This premium Round Neck tee is made in the US and printed on demand so that your JLA ZATANNA ILLUSION t-shirt color BLACK is guaranteed to fit right and look right every time you put it on. We are an officially licensed company in the USA and aboard to sell this JLA ZATANNA ILLUSION design. When you buy a shirt through us, you're getting an authentic, officially licensed womens JLA Round Neck shirt is guaranteed to look and fit great. About Wicked Tees - Wicked Tees is a leading internet t-shirt tee retailer with hundreds of thousands of licensed t-shirt tees for you. We have thousands of T-shirt tees for popular TV shows, movies, superheros super hero, pop culture and classic brands apparel. We offer hundreds of styles of shirts including tank tops, v-necks, slim fit, baby onesies one piece, ringer shirt ringers, heathered heather shirts, long sleeve shirts, womens t-shirts, mens tees and new sublimation tshirts. We start by sourcing the best feeling, best fitting, highest quality t-shirts for our stock. From there we use either our cutting edge print-on-demand technology or classic offset silk screen printing to bring you the freshest styles and coolest designs for all ages."
NECKLINE,round neck,long,"Wicked Tees officially licensed new womens JLA ZATANNA ILLUSION t-shirt tee. This novelty tee is color BLACK. Standout from the crowd in this 100% officially licensed JLA shirt. This premium Round Neck tee is made in the US and printed on demand so that your JLA ZATANNA ILLUSION t-shirt color BLACK is guaranteed to fit right and look right every time you put it on. We are an officially licensed company in the USA and aboard to sell this JLA ZATANNA ILLUSION design. When you buy a shirt through us, you're getting an authentic, officially licensed womens JLA Round Neck shirt is guaranteed to look and fit great. About Wicked Tees - Wicked Tees is a leading internet t-shirt tee retailer with hundreds of thousands of licensed t-shirt tees for you. We have thousands of T-shirt tees for popular TV shows, movies, superheros super hero, pop culture and classic brands apparel. We offer hundreds of styles of shirts including tank tops, v-necks, slim fit, baby onesies one piece, ringer shirt ringers, heathered heather shirts, long sleeve shirts, womens t-shirts, mens tees and new sublimation tshirts. We start by sourcing the best feeling, best fitting, highest quality t-shirts for our stock. From there we use either our cutting edge print-on-demand technology or classic offset silk screen printing to bring you the freshest styles and coolest designs for all ages."
SLEEVE_STYLE,tank tops,long,"Wicked Tees officially licensed new womens JLA ZATANNA ILLUSION t-shirt tee. This novelty tee is color BLACK. Standout from the crowd in this 100% officially licensed JLA shirt. This premium Round Neck tee is made in the US and printed on demand so that your JLA ZATANNA ILLUSION t-shirt color BLACK is guaranteed to fit right and look right every time you put it on. We are an officially licensed company in the USA and aboard to sell this JLA ZATANNA ILLUSION design. When you buy a shirt through us, you're getting an authentic, officially licensed womens JLA Round Neck shirt is guaranteed to look and fit great. About Wicked Tees - Wicked Tees is a leading internet t-shirt tee retailer with hundreds of thousands of licensed t-shirt tees for you. We have thousands of T-shirt tees for popular TV shows, movies, superheros super hero, pop culture and classic brands apparel. We offer hundreds of styles of shirts including tank tops, v-necks, slim fit, baby onesies one piece, ringer shirt ringers, heathered heather shirts, long sleeve shirts, womens t-shirts, mens tees and new sublimation tshirts. We start by sourcing the best feeling, best fitting, highest quality t-shirts for our stock. From there we use either our cutting edge print-on-demand technology or classic offset silk screen printing to bring you the freshest styles and coolest designs for all ages."
SLEEVE_STYLE,tank top,long,"FENGTING Women's Dj Tiesto Logo Tank Top. All Our Tank Top Are By Handmade. Tank Top Design Funny Cool Sport,Digital Direct Printing,eco-friendly Ink."
SLEEVE_STYLE,tank top,long,"FENGTING Women's Dj Tiesto Logo Tank Top. All Our Tank Top Are By Handmade. Tank Top Design Funny Cool Sport,Digital Direct Printing,eco-friendly Ink."
NECKLINE,collar,long,Womens Chiffon Sleeveless Fashion Bow Tie Collar Fluorescent Bouse T-shirt Tops (White)
SLEEVE_STYLE,long sleeve,long,"Description Soft touch blended pique polo with long sleeves and left chest pocket is colorful and sporty. Affordable and smart, this polo has style details that match premium knits. Perfect for delivery service, theme parks, or lawn service. Embroiders well, 65% Polyester/35% Cotton; 6.0 oz.wt, Long sleeve with left chest pocket, shrink, fade and wrinkle resistant, 1"" extended tail, Laundry friendly, unisex size: XXS - 6XL. Care Instructions Machine Wash Warm Permanent Press, Only Non-Chlorine Bleach when Needed, Tumble Dry Medium, Permanent Press, Remove Promptly, Iron Medium if Needed, No Fabric Softener or Dryer Sheets."
SLEEVE_STYLE,long sleeves,long,"Description Soft touch blended pique polo with long sleeves and left chest pocket is colorful and sporty. Affordable and smart, this polo has style details that match premium knits. Perfect for delivery service, theme parks, or lawn service. Embroiders well, 65% Polyester/35% Cotton; 6.0 oz.wt, Long sleeve with left chest pocket, shrink, fade and wrinkle resistant, 1"" extended tail, Laundry friendly, unisex size: XXS - 6XL. Care Instructions Machine Wash Warm Permanent Press, Only Non-Chlorine Bleach when Needed, Tumble Dry Medium, Permanent Press, Remove Promptly, Iron Medium if Needed, No Fabric Softener or Dryer Sheets."
NECKLINE,polo,long,"Description Soft touch blended pique polo with long sleeves and left chest pocket is colorful and sporty. Affordable and smart, this polo has style details that match premium knits. Perfect for delivery service, theme parks, or lawn service. Embroiders well, 65% Polyester/35% Cotton; 6.0 oz.wt, Long sleeve with left chest pocket, shrink, fade and wrinkle resistant, 1"" extended tail, Laundry friendly, unisex size: XXS - 6XL. Care Instructions Machine Wash Warm Permanent Press, Only Non-Chlorine Bleach when Needed, Tumble Dry Medium, Permanent Press, Remove Promptly, Iron Medium if Needed, No Fabric Softener or Dryer Sheets."
LENGTH,midi,long,"Womens Celeb Kourtney Kardashian Side Floral Bodycon Midi Dress (US 4 - UK 8, Neon Colourful Mesh Midi)"
PATTERN,stripe,short,Royal Robbins Women's Camper Stripe Cap Sleeve Top
NECKLINE,strapless,long,"Go out in style with this sexy fitted mini dress! Offers a sweetheart neckline and strapless design. Dress features overlapping at bust; ruching all over defines and accentuates curves. Made with a soft poly blend to keep you comfortable all night. This dress is available in sizes small, medium, and large. This dress is perfect for all your social gatherings. Wear it to cocktail parties, clubs, date nights, and more!"
NECKLINE,sweetheart,long,"Go out in style with this sexy fitted mini dress! Offers a sweetheart neckline and strapless design. Dress features overlapping at bust; ruching all over defines and accentuates curves. Made with a soft poly blend to keep you comfortable all night. This dress is available in sizes small, medium, and large. This dress is perfect for all your social gatherings. Wear it to cocktail parties, clubs, date nights, and more!"
SLEEVE_STYLE,short - sleeve,long,Short-sleeve tee with crew neckline featuring X-Temp technology for moisture management and logoing at chest
LENGTH,short,long,"Splendid Size Chart A charming plaid short with a comfy fit. Encased drawstring waist. Front tie detail. Pork-chop hand pockets. Back welt pockets with button-flap closures. 100% cotton. Machine wash cold, dry flat. Made in the USA and imported. Measurements: Waist Measurement: 28 in Outseam: 12 in Inseam: 3 in Front Rise: 10 in Back Rise: 15 in Leg Opening: 24 in Product measurements were taken using size SM (Women's 2-4), inseam 3. Please note that measurements may vary by size."
NECKLINE,collar,long,Paul Fredrick Men's 100% Linen Camp Collar Short Sleeve Sport Shirt Tan 2xl Tall
SLEEVE_STYLE,short sleeve,long,"Quiksilver young men's tube prison short sleeve short sleeve horizontal stripe oxford shirt with single pocket, exterior woven label, and novelty vintage buttons"
NECKLINE,oxford shirt,long,"Quiksilver young men's tube prison short sleeve short sleeve horizontal stripe oxford shirt with single pocket, exterior woven label, and novelty vintage buttons"
PATTERN,stripe,long,"Quiksilver young men's tube prison short sleeve short sleeve horizontal stripe oxford shirt with single pocket, exterior woven label, and novelty vintage buttons"
NECKLINE,v - neck,long,"Style: Soft, Skin-friendly, Casual, Beach, Pull On closure, Sleeveless, V-Neck, Above Knee, Mini Floral Dress"
NECKLINE,collar,long,"Fabric Type: Chiffon / Polyester Color: Yellow, Green and white, Blue Collar: V-Neck Style: Maxi Dress Length: Full Length Occasion: Casual, Party, Beach Garment Care: Hand-wash and Machine washable Unique style, makes you more beautiful, fashion, sexy and elegant. Package Content: 1 x Women Dress Small (US S(6) UK 8 EU 36 AU 10)----Bust----86cm/33.5"";Length----139cm/54.2""; Medium (US M(8-10) UK 10 EU 38 AU 12)----Bust----92cm/35.9"";Length----140cm/54.6""; Large (US L(12) UK 14 EU 42 AU 16)----Bust----96cm/37.4"";Length----140.5cm/54.8""; X-Large (US XL(16 ) UK 18 EU 46 AU 20)----Bust----100cm/39.0"";Length----142cm/55.4""; Note: 1. Hint for choosing proper size, use similar clothing to compare with the size. 2. Choose larger sizes if your size are same as the flat measurement size chart 3. Please ignore the tag size comes with the cloth. The tag size sometimes can be a larger than our description size because those are for Chinese. We are 1 or 2 sizes smaller than European and American people. 4. As different computers display colors differently, the color of the actual item may vary slightly from the above images, thanks for your understanding."
LENGTH,maxi,short,long sleeve off shoulder irregular hem maxi party dress
SLEEVE_STYLE,short sleeve,long,"Under Armour Womens HeatGear Twisted Tech Locker T Short Sleeve Stay Cool and Dry With A HeatGear Sweat Wicking Shirt! Under Armour is revolutionary athletic gear that helps you to perform whether it's game day, practice or training with technology that is engineered to help you play your best. Under Armour Womens HeatGear Twisted Tech Locker T Short Sleeve features: Super-light Twisted UA Tech fabric has a softer, more natural feel for incredible all-day comfort Twisted effect on fabric comes from mixing colored yarn and white yarn Signature Lightweight stretch construction improves mobility for full range of motion Anti-microbial technology keeps your gear fresher, longer Short, raglan sleeve construction See the Machine Wash Tumble Dry 100% Polyester Under Armour...The Advantage Is Undeniable! Size: Small. Color: Royal/White. Gender: Unisex. Age Group: Adult. Material: Polyester."
LENGTH,short,long,"Under Armour Womens HeatGear Twisted Tech Locker T Short Sleeve Stay Cool and Dry With A HeatGear Sweat Wicking Shirt! Under Armour is revolutionary athletic gear that helps you to perform whether it's game day, practice or training with technology that is engineered to help you play your best. Under Armour Womens HeatGear Twisted Tech Locker T Short Sleeve features: Super-light Twisted UA Tech fabric has a softer, more natural feel for incredible all-day comfort Twisted effect on fabric comes from mixing colored yarn and white yarn Signature Lightweight stretch construction improves mobility for full range of motion Anti-microbial technology keeps your gear fresher, longer Short, raglan sleeve construction See the Machine Wash Tumble Dry 100% Polyester Under Armour...The Advantage Is Undeniable! Size: Small. Color: Royal/White. Gender: Unisex. Age Group: Adult. Material: Polyester."
LENGTH,short,short,Greg Norman Collection Men's Glen Plaid Short
LENGTH,maxi dress,short,Sakkas Ruched Bombshell Floor Length Maxi Dress
LENGTH,long,long,"JSDY Womens Bohemia Floral Printed Causal Beach Long Maxi Sundress Dress Blue Item No:CA0201 Material:Polyester Color:Blue Length:45.3"" The Dress chest to less than 95cm/37.4"" Package:1x Dress ***The Size of the item maybe have a little error*** ***Color of pictures may varies by different monitor setting. All pictures are real stock photos*** ***To maintain the item's appearance and condition, please avoid contact with liquid and perfume*** """
PATTERN,stripe,short,Under Armour UA coldblack Par Stripe Golf Polo Shirt
PATTERN,floral,short,Women's Floral Print V Neck Cut-out Long Sleeve Shirt
LENGTH,gown,long,Little me floral 2 pack gown. 100% Cotton . Machine washable.
NECKLINE,v - neck,long,"Sequins Lace Appliques Half Sleeve V-neck V-back Mother of the Bride Dress/Formal Dress More Details Brand: SDRESS Condition: New/Made-to-Order Neckline: V-neck Hemline/Train: Long/Floor Length Silhouette: A-line Sleeve Length: Half Sleeve Back Style: Zipper Fabric: Chiffon Embellishment: Sequins, Lace Appliques Style: Classic&Timeless, Elegant/Luxurious Color Available: Black, Sliver, Navy, Gold, Wine, Eggplant, Teal Champagne, Pink, White, Ivory, etc. Occasion: Evening, Formal Party or Wedding Party for Mother Size Chart Measurements (Inches): Size 2: Bust=32.5 Waist=25.5 Hips=35.75 Hollow to floor=58 Size 4: Bust=33.5 Waist=26.5 Hips=36.75 Hollow to floor=58 Size 6: Bust=34.5 Waist=27.5 Hips=37.75 Hollow to floor=59 Size 8: Bust=35.5 Waist=28.5 Hips=38.75 Hollow to floor=59 Size 10: Bust=36.5 Waist=29.5 Hips=39.75 Hollow to floor=60 Size 12: Bust=38 Waist=31 Hips=41.25 Hollow to Floor=60 Size 14: Bust=39.5 Waist=32.5 Hips=42.75 Hollow to floor=61 Size 16: Bust=41 Waist=34 Hips=44.25 Hollow to floor=61 Size 18W: Bust=45 Waist=38.5 Hips=47.5 Hollow to floor=61 Size 20W: Bust=47 Waist=40.75 Hips=49.5 Hollow to floor=61 Size 22W: Bust=49 Waist=43 Hips=51.5 Hollow to floor=61 Size 24W: Bust=51 Waist=45.25 Hips=53.5 Hollow to floor=61 Size 26W: Bust=53 Waist=47.5 Hips=55.5 Hollow to floor=61 Notice: If you want a customized dress, contacting us freely!"
NECKLINE,v - neck,long,"Sequins Lace Appliques Half Sleeve V-neck V-back Mother of the Bride Dress/Formal Dress More Details Brand: SDRESS Condition: New/Made-to-Order Neckline: V-neck Hemline/Train: Long/Floor Length Silhouette: A-line Sleeve Length: Half Sleeve Back Style: Zipper Fabric: Chiffon Embellishment: Sequins, Lace Appliques Style: Classic&Timeless, Elegant/Luxurious Color Available: Black, Sliver, Navy, Gold, Wine, Eggplant, Teal Champagne, Pink, White, Ivory, etc. Occasion: Evening, Formal Party or Wedding Party for Mother Size Chart Measurements (Inches): Size 2: Bust=32.5 Waist=25.5 Hips=35.75 Hollow to floor=58 Size 4: Bust=33.5 Waist=26.5 Hips=36.75 Hollow to floor=58 Size 6: Bust=34.5 Waist=27.5 Hips=37.75 Hollow to floor=59 Size 8: Bust=35.5 Waist=28.5 Hips=38.75 Hollow to floor=59 Size 10: Bust=36.5 Waist=29.5 Hips=39.75 Hollow to floor=60 Size 12: Bust=38 Waist=31 Hips=41.25 Hollow to Floor=60 Size 14: Bust=39.5 Waist=32.5 Hips=42.75 Hollow to floor=61 Size 16: Bust=41 Waist=34 Hips=44.25 Hollow to floor=61 Size 18W: Bust=45 Waist=38.5 Hips=47.5 Hollow to floor=61 Size 20W: Bust=47 Waist=40.75 Hips=49.5 Hollow to floor=61 Size 22W: Bust=49 Waist=43 Hips=51.5 Hollow to floor=61 Size 24W: Bust=51 Waist=45.25 Hips=53.5 Hollow to floor=61 Size 26W: Bust=53 Waist=47.5 Hips=55.5 Hollow to floor=61 Notice: If you want a customized dress, contacting us freely!"
SLEEVE_STYLE,half sleeve,long,"Sequins Lace Appliques Half Sleeve V-neck V-back Mother of the Bride Dress/Formal Dress More Details Brand: SDRESS Condition: New/Made-to-Order Neckline: V-neck Hemline/Train: Long/Floor Length Silhouette: A-line Sleeve Length: Half Sleeve Back Style: Zipper Fabric: Chiffon Embellishment: Sequins, Lace Appliques Style: Classic&Timeless, Elegant/Luxurious Color Available: Black, Sliver, Navy, Gold, Wine, Eggplant, Teal Champagne, Pink, White, Ivory, etc. Occasion: Evening, Formal Party or Wedding Party for Mother Size Chart Measurements (Inches): Size 2: Bust=32.5 Waist=25.5 Hips=35.75 Hollow to floor=58 Size 4: Bust=33.5 Waist=26.5 Hips=36.75 Hollow to floor=58 Size 6: Bust=34.5 Waist=27.5 Hips=37.75 Hollow to floor=59 Size 8: Bust=35.5 Waist=28.5 Hips=38.75 Hollow to floor=59 Size 10: Bust=36.5 Waist=29.5 Hips=39.75 Hollow to floor=60 Size 12: Bust=38 Waist=31 Hips=41.25 Hollow to Floor=60 Size 14: Bust=39.5 Waist=32.5 Hips=42.75 Hollow to floor=61 Size 16: Bust=41 Waist=34 Hips=44.25 Hollow to floor=61 Size 18W: Bust=45 Waist=38.5 Hips=47.5 Hollow to floor=61 Size 20W: Bust=47 Waist=40.75 Hips=49.5 Hollow to floor=61 Size 22W: Bust=49 Waist=43 Hips=51.5 Hollow to floor=61 Size 24W: Bust=51 Waist=45.25 Hips=53.5 Hollow to floor=61 Size 26W: Bust=53 Waist=47.5 Hips=55.5 Hollow to floor=61 Notice: If you want a customized dress, contacting us freely!"
LENGTH,long,long,"Sequins Lace Appliques Half Sleeve V-neck V-back Mother of the Bride Dress/Formal Dress More Details Brand: SDRESS Condition: New/Made-to-Order Neckline: V-neck Hemline/Train: Long/Floor Length Silhouette: A-line Sleeve Length: Half Sleeve Back Style: Zipper Fabric: Chiffon Embellishment: Sequins, Lace Appliques Style: Classic&Timeless, Elegant/Luxurious Color Available: Black, Sliver, Navy, Gold, Wine, Eggplant, Teal Champagne, Pink, White, Ivory, etc. Occasion: Evening, Formal Party or Wedding Party for Mother Size Chart Measurements (Inches): Size 2: Bust=32.5 Waist=25.5 Hips=35.75 Hollow to floor=58 Size 4: Bust=33.5 Waist=26.5 Hips=36.75 Hollow to floor=58 Size 6: Bust=34.5 Waist=27.5 Hips=37.75 Hollow to floor=59 Size 8: Bust=35.5 Waist=28.5 Hips=38.75 Hollow to floor=59 Size 10: Bust=36.5 Waist=29.5 Hips=39.75 Hollow to floor=60 Size 12: Bust=38 Waist=31 Hips=41.25 Hollow to Floor=60 Size 14: Bust=39.5 Waist=32.5 Hips=42.75 Hollow to floor=61 Size 16: Bust=41 Waist=34 Hips=44.25 Hollow to floor=61 Size 18W: Bust=45 Waist=38.5 Hips=47.5 Hollow to floor=61 Size 20W: Bust=47 Waist=40.75 Hips=49.5 Hollow to floor=61 Size 22W: Bust=49 Waist=43 Hips=51.5 Hollow to floor=61 Size 24W: Bust=51 Waist=45.25 Hips=53.5 Hollow to floor=61 Size 26W: Bust=53 Waist=47.5 Hips=55.5 Hollow to floor=61 Notice: If you want a customized dress, contacting us freely!"
LENGTH,pencil,long,Pull-on ankle pant has a higher rise and slim pencil leg.
PATTERN,stripe,short,Womens Leopard Skull Tartan Stripe Print Mini Skirt
SLEEVE_STYLE,tank,short,Sakkas Watercolor Palm Tree Tank Caftan Short Dress
NECKLINE,polo,long,"Our Casino 2 Polo has all the right lines, from the bold horizontal stripes to the relaxed fit to the Lightning Dry technology in a lightweight fabric. It's the polo that's perfect for on or off the court."
LENGTH,long,short,Womens Premium Rayon Span Solid and Graphic Print Long Maxi Skirt
NECKLINE,henley,short,Smartwool NTS Micro 150 Long Sleeve Henley Shirt - Men's
SLEEVE_STYLE,sleeveless,long,This multi coloured metallic skater dress with high rounded neck is a must have this season. The sleeveless design and flared skirt make it the ultimate party dress! Team this dress with some simple heels and let the dress do all the talking.
NECKLINE,v - neckline,long,Sleeveless dress in A-line silhouette featuring floral lace overlay and V-neckline
NECKLINE,dress shirt,long,"Isaac Mizrahi knows men's fashion-and so will you, when you're wearing this Pinstripe Design Slim Fit Dress Shirt. Featuring a slim fit to enhance your profile, the shirt is an essential staple for any man's wardrobe. A crisp Spread collar completes this designer dress shirt, while lightweight 100% cotton ensures that you feel as good as you look every time you put it on."
NECKLINE,dress shirt,long,"Isaac Mizrahi knows men's fashion-and so will you, when you're wearing this Pinstripe Design Slim Fit Dress Shirt. Featuring a slim fit to enhance your profile, the shirt is an essential staple for any man's wardrobe. A crisp Spread collar completes this designer dress shirt, while lightweight 100% cotton ensures that you feel as good as you look every time you put it on."
NECKLINE,collar,long,Soft collar peace polo with peace sign embroidery on chest and contrast vertical stitch details
NECKLINE,button down,short,Chambray western inspired long sleeve button down shirt.
PATTERN,galaxy,short,Blittzen Mens V-neck T-shirt Galaxy Sunglasses
LENGTH,long,long,Jane's Mall Kids Girls Backless Wave Stripe Maxi Long Sundress Boho Dress Skirt
PATTERN,stripe,long,Jane's Mall Kids Girls Backless Wave Stripe Maxi Long Sundress Boho Dress Skirt
NECKLINE,dress shirt,long,Tommy Hilfiger Men's Non Iron Regular Fit Check Spread Collar Dress Shirt
SLEEVE_STYLE,short sleeves,long,Heavily textured slub knit. Jersey-knit T-shirt. Ribbed V-neck. Short sleeves. Straight hem. 100% cotton. Machine wash and tumble dry. Imported.
SLEEVE_STYLE,tank,long,Gender: Womens Country of Manufacture: China Collar Style: Scoop Features: Racerback Pattern: Tie-dye Season: All Seasons Density: Medium Weight Sleeve Length: Sleeveless Occasion: Casual Theme: Preppy Additional Details: Jersey dress with skeleton color wash Braided back shoulder accents Left hem split to knee Racer tank style maxi
NECKLINE,collar,long,Gender: Womens Country of Manufacture: China Collar Style: Scoop Features: Racerback Pattern: Tie-dye Season: All Seasons Density: Medium Weight Sleeve Length: Sleeveless Occasion: Casual Theme: Preppy Additional Details: Jersey dress with skeleton color wash Braided back shoulder accents Left hem split to knee Racer tank style maxi
SLEEVE_STYLE,short sleeve,long,"BCPOLO Men's Polo Shirt Short Sleeve Athletic, Collar, Sleeves Point Polo Shirt - Faster moisture absorption / Quick dryness / Unique brightness / Soft touch - Drying rate[30min after washing] - Material: 50% Polyester, 50% Polypropylene - Sleeve: Short Sleeve - Color: 4 color (Black, White, Cobalt, Orange) - Size: XS, S, M, L, XL, XXL - Hand washing and machine washable - Made In Korea Size Measurement(Inches) US XS(Asia S) size - Chest : 37.0 / Shoulder : 15.7 / Length : 26.0 US S(Asia M) size - Chest : 39.4 / Shoulder : 16.5 / Length : 27.2 US M(Asia L) size - Chest : 40.9 / Shoulder : 17.3 / Length : 28.0 US L(Asia XL) size - Chest : 43.3 / Shoulder : 18.1 / Length : 29.1 US XL(Asia XXL) size - Chest : 45.7 / Shoulder : 18.9 / Length : 30.3 US XXL(Asia XXXL) size - Chest : 47.2 / Shoulder : 19.7 / Length : 31.1 - 1 ~ 2cm may vary depending on the measuring position. - Color may vary depending upon monitor specifications or resolution. - The size on the tag is in Asian Size. - Sizes of our products differ from standard US sizes ***(X-Large to XXX-Large)."
SLEEVE_STYLE,tank,long,"3/4 Sleeves with Elastic Bottom. Chiffon Fabric. Relaxed Fit. Scoop Neckline with Tie Detail. Abstract Print. This top is perfect for any special occasion! With chiffon fabric, this top is great paired over a tank or tee. The relaxed fit is figure flattering and comfortable while maintaining a stylish look. The abstract print is trendy and fun. This top is perfect paired with a bodycon skirt and heels for a dressy look. Wear with jeans and boots for a more casual vibe. Overall, this top is versatile, and you can't go wrong!! See how to save even more money by checking out our current ""Special Offers and Product Promotions"" located under the product image. This p"
LENGTH,long,long,Add bright color to your wardrobe in this summer dress by Brinley Co. This sleeveless dress features silky lightweight material that highlights a stylish stripe pattern. Extra material on the empire waist and a surplice neckline completes the look. Pair with Brinley Co. wedge sandals for complementing style all season long!
PATTERN,plaid,long,"A reversible shirt that offers the best of two worlds in one stylish package: A traditional plaid on one side, and a straightforward solid on the other. Reversible Plaid Long Sleeve Shirt feature chest pocket. Apparel fit: Standard. Center back length: 26 in / 66 cm. Fabric body: YD Reversible Plaid."
NECKLINE,collar,long,"100% Brand New Material: Polyester, Spandex, Lace Color: Red and Black Collar: Irregular collar Sleeve: Long Sleeve Style: Maxi Dress Length: Full-Length Pattern: Patchwork Occasion: Party Unique style, create stunning curves, make you more beautiful, fashion, sexy and elegant. Package Content: 1 x Women Dress (Belt Not Included) Size: There are 3 sizes (M/L/XL) available for the following listing. please allow 1-2cm differs due to manual measurement, thanks (All measurement in cm and please note 1cm=0.39inch)"
NECKLINE,collar,long,"100% Brand New Material: Polyester, Spandex, Lace Color: Red and Black Collar: Irregular collar Sleeve: Long Sleeve Style: Maxi Dress Length: Full-Length Pattern: Patchwork Occasion: Party Unique style, create stunning curves, make you more beautiful, fashion, sexy and elegant. Package Content: 1 x Women Dress (Belt Not Included) Size: There are 3 sizes (M/L/XL) available for the following listing. please allow 1-2cm differs due to manual measurement, thanks (All measurement in cm and please note 1cm=0.39inch)"
LENGTH,long,long,This spaghetti strap dress is fully padded & gathered at the bust with a long midi flowy skirt.
NECKLINE,collar,short,LEE Men's Fade Finish Woven Long Sleeve BD Collar Nebraska Plaid
SLEEVE_STYLE,spaghetti straps,long,Love Ady floral print slip dress features a slight sweetheart neckline with adjustable spaghetti straps. This slip dress is constructed of a challis fabrication and secures at the back with a zipper closure. Bust to hem measures approximately 28 inches long. 100% Rayon Dry Clean
LENGTH,long,long,Love Ady floral print slip dress features a slight sweetheart neckline with adjustable spaghetti straps. This slip dress is constructed of a challis fabrication and secures at the back with a zipper closure. Bust to hem measures approximately 28 inches long. 100% Rayon Dry Clean
NECKLINE,sweetheart,long,Love Ady floral print slip dress features a slight sweetheart neckline with adjustable spaghetti straps. This slip dress is constructed of a challis fabrication and secures at the back with a zipper closure. Bust to hem measures approximately 28 inches long. 100% Rayon Dry Clean
LENGTH,long,long,"Womens Plus Size Buckle Waisted Tie Back Evening Long Maxi Dress (1X, Purple)"
NECKLINE,round neckline,long,"Splendid Size Chart A versatile basic that can be dressed up or down. Superbly soft top flaunts a gathered elastic waistband and flap detailing at back. Round neckline and sleeveless construction. Gentle pleating at front. Pull-on design. 100% rayon;Contrast: 95% rayon, 5% spandex;Contrast: 96% rayon, 4% spandex. Machine wash cold, tumble dry low. Made in the USA and imported. Measurements: Length: 27 in Product measurements were taken using size SM (Women's 2-4). Please note that measurements may vary by size."
NECKLINE,scoop neckline,long,"This chic floral lace top features a scoop neckline, cap sleeves, and peplum style hem."
PATTERN,plaid,long,Brand: Rasco Fire Resistant Clothing Hazard Risk Category: HRC 2 - NFPA 70E Compliant Protection: ATPV RATING 9.8 cal/cm2 Laundry Care: Industrial Wash and Home Wash FRC Item Description: - Rasco Flame Resistant Blue Plaid Dress Shirt 7.5 oz 100% Cotton - Long Sleeve Dress FR Shirt - Available in Regular and Long length - 100% Cotton Flame Resistant - 7.5oz Blue Plaid - Button Closure
LENGTH,long,long,Brand: Rasco Fire Resistant Clothing Hazard Risk Category: HRC 2 - NFPA 70E Compliant Protection: ATPV RATING 9.8 cal/cm2 Laundry Care: Industrial Wash and Home Wash FRC Item Description: - Rasco Flame Resistant Blue Plaid Dress Shirt 7.5 oz 100% Cotton - Long Sleeve Dress FR Shirt - Available in Regular and Long length - 100% Cotton Flame Resistant - 7.5oz Blue Plaid - Button Closure
LENGTH,long,short,Long tank in mixed multicolored prints featuring V-neckline and shirttail hem
NECKLINE,polo,long,"The durable Silk Touch Performance Polo wicks moisture, resists snags and thanks to PosiCharge� technology, holds onto its color for a professional look that lasts. There�s just no higher performing polo at this price!"
NECKLINE,polo,long,Legou Mens Polo T-Shirt Solid Polo Tee 10-Color Basic Slim Top Fashion Casual T-Shirt
PATTERN,camo,long,Oversized v neck tee with a camo print. Incredibly comfortable. Runs true to size.
LENGTH,long dress,long,"This is solid long dress, turtleneck, one big pocket from front to side, very heavy material, a little spandex. Can wear in spring, fall, or in winter to match boots, jackets, very chic, casual and stylish. The simple line, loose model and casual style are just for your easy, leisure life! Great for every occasion: working, office, home, streetwear, daytime, travel, holiday, vacation, party, outdoor...... Size Information Style 1 Size L: Length:45.7"",Bust:43.3"",Hip:52.4"",Hem:53.5"",Sleeve with sleeve:29.5"",Sleeve cir:15"",Cuff:8.3"" Style 1 Size XL: Length:45.7"",Bust:55.1"",Hip:52.4"",Hem:53.5"",Sleeve with sleeve:29.5"",Sleeve cir:15"",Cuff:8.3"" Warmly Note : Model size : Height: 5'3"", Weight: 99lb, Color difference : We strive to make our colors as accurate as possible; however, due to individual monitor settings, we cannot guarantee that the color you see on your screen is the exact color of the product. Size difference : This size information is just for reference only,and allow 1-2cm (0.4-0.8"") differences due to manual measurement. Mordenmiss has registered US Trademark ""Mordenmiss"" . This item is only provided by Mordenmiss, and did not authorize any second stores to sell our items. If other seller follow selling our items, please kindly notice us or report to Amazon directly. Mordenmiss only gurantee our quality, we do not guarantee the quality of other sellers."
NECKLINE,strapless,long,Summer style at its finest. Gorgeous strapless maxi dress with slimming colorblock sides and pops of neon trim.
SLEEVE_STYLE,tank,short,Sleeveless missoni lace popover with tank and necklace
LENGTH,maxi dress,short,Women's Floral Lace Sleeveless Long Bridesmaid Maxi Dress
PATTERN,floral,short,Women's Floral Lace Sleeveless Long Bridesmaid Maxi Dress
LENGTH,long,short,Women's Floral Lace Sleeveless Long Bridesmaid Maxi Dress
LENGTH,knee length,long,"Sheer off shoulder designs with vintage half sleeves, Elegant lace appliques, Lace up corset back, Knee length A line skirt, Simple pleats, Plus size available"
SLEEVE_STYLE,long sleeve,long,"Size Type: Regular Style: Blouson Occasion: Casual Dress Length: Above Knee, Mini Sleeve Style: Long Sleeve Material: Chiffon Pattern: Solid"
LENGTH,midi,long,"Womens Monochrome Weaved Pattern Pencil Midi Skirt (Sty) (8/10 (uk 12/14), black/white)"
LENGTH,mini,long,LaLaMa Womens Casual Sexy Summer Pleated Prom Chiffon Sundress Mini Short Dress White M
LENGTH,maxi,long,Women's Sexy Leopard V Neck Tunic Irregular Hem High Slits Party Maxi Midi Dress
LENGTH,pencil,long,"Description Sexy long Sleeve knee-Length pencil dress Seductive revealing hollow out waist Low plunging backless complete with midi length dress Size S: length 90cm, sleeve 60cm, hip 101cm M: length 90cm, sleeve 61cm, hip 107cm L: length 92cm, sleeve 62cm, hip 114cm XL: length 92cm, sleeve 64cm, hip 120cm XXL: length 94cm, sleeve 64cm, hip 126cm"
LENGTH,maxi,long,VIISHOW Women's Bohemian Strap Deep-v Backless Maxi Long Dress (White)
PATTERN,stripe,short,Zehui Womens Pleated Strapless Stripe Silm Prom Clubwear Tube Dress
LENGTH,long,short,Zehui Long Maxi Dress Solid Ruffle Neck Sleeveless Evening Ball Gown
PATTERN,flower,long,Add a darling dash of free-spirited style to your flower child's wardrobe with this flowing maxi dress woven from oh-so soft cotton.
LENGTH,knee length,short,"V Neck,Bodycon,knee length"
LENGTH,long,short,"Long Length Maxi Kaftan - 54"""
SLEEVE_STYLE,tanks,long,Product Name:American Flag Printed Splicing Chiffon Sleeveless T-shirt Womens Vest Tanks Tops Fabric: Chiffon Clothing Style:Fashion Vests Condition: 100% Brand New and High Quality Size Type:Regular
PATTERN,camouflage,long,"The soft side of camouflage in ringspun cotton jersey, built tough to last. 5.5 oz. Officially Licensed REALTREE 100% ringspun cotton print jersey. Back locker patch. Ribbed crew neck (97/3 ringspun cotton/spandex). Taped shoulder-to-shoulder. Double-needle hem sleeves and bottom."
NECKLINE,scoop neck,long,"Gold Belt Decor,Scoop Neck,Sleeveless,Above Knees,Plus Size"
LENGTH,gown,long,"Alyce gown 35292 is a marvelous, short gown. This dress has a halter style neckline and beading. This Alyce dress is available in an amazing shade of green. The beading continues onto the back of the dress as well."
LENGTH,short,long,"Alyce gown 35292 is a marvelous, short gown. This dress has a halter style neckline and beading. This Alyce dress is available in an amazing shade of green. The beading continues onto the back of the dress as well."
LENGTH,long,long,"Bozzolo Is A Leading Basic Manufacture For Women'S Basic Garments. Bozzolo Has Been Manufacturing Quality Basic Clothings For Over 15 Years. Quality Of Bozzolo'S Garments Is The Pride Of The Company. Bozzolo'S Soft Warm Waffle Thermal Long Sleeve Crew Neck T Shirt Is Every Women'S ""Must Have"" Basic Essential For Cold Weather Material- 59% Cotton 39% Polyester 2%Spandex For Premium Comfort. Approximately 24 Inch Long From Neck To Hem. This Is An Everyday T Shirt For Cold Weather. Model Measurement- 34B-26-35 Us Size: 4. And She Is Wearing Small In The Picture."
NECKLINE,collar,long,4630 Badger B-Fit Sleeveless Tee Athletic performance and aggressive promotions. 79% polyester/21% spandex Moisture-management fabric Stretch body fit Self-fabric collar Double-needle hem with tack Badger heat seal logo on back Sizes: S-3XL
LENGTH,capri,long,"This capri is made with a beautiful brocade spandex fabric and runs smaller than our other capris. With a snug fit and unique pattern, this is no ordinary black workout pant! Please order one size larger as this capri runs small!"
LENGTH,capris,long,"This capri is made with a beautiful brocade spandex fabric and runs smaller than our other capris. With a snug fit and unique pattern, this is no ordinary black workout pant! Please order one size larger as this capri runs small!"
LENGTH,long,long,"Tart Size Guide Get the conversations flowing tonight in this Kerry Dress. Modern dress boasts a flirty surplice neckline. Long flared sleeves. V-inset panel at back with zip closure. Straight hemline. 95% modal, 5% spandex;Contrast: 93% polyester, 7% spandex. Machine wash cold, dry flat. Imported. Measurements: Length: 35 in Product measurements were taken using size SM (US 2-4). Please note that measurements may vary by size."
NECKLINE,dress shirt,long,"Button front dress shirt featuring point collar, long sleeves, adjustable cuffs and no pocket"
PATTERN,stripes,short,CLIMALITE sleeveless top with applied 3-Stripes.
NECKLINE,collar,long,"ADYOU Long Sleeve T-Shirt Heavyweight 100% Pre-shrunk Cotton, Officially Licensed Product; High Quality Silkscreen Won't Crack Or Fade. And Systematic Stitching On Collar And Cuff."
NECKLINE,collar,long,Split-neck sleeveless shirt featuring gathering at collar and contrast piping at placket and armholes
LENGTH,long,long,"PAKULA Women's Ladies One Shoulder Sexy Waist Beaded Formal Long Prom Gown Evening Party Dress,Black,Small,US 4"
SLEEVE_STYLE,3 / 4 sleeve,long,"Dreamy navy blue paisley & tile art print 3/4 sleeve maxi wrap dress in soft jersey knit. Beautiful symmetrical draping, the print is like very wearable art! Flattering on any size, 94% Polyester 6% Spandex, made in USA. Sizes Small-Junior 3X."
NECKLINE,high neck,short,Vnaix Bridals High Neck Lace Tulle Long Sleeves Ball Gown Wedding Dress
LENGTH,gown,short,Vnaix Bridals High Neck Lace Tulle Long Sleeves Ball Gown Wedding Dress
LENGTH,short,long,"A seductive hollow-out vintage dress rendered in romantic floral lace. Soft lining at the skirt allows a peek of skin at the shoulders, midriff and the whole back. A high neckline adds drama, and a full-length zipper as back closure. It is ultra short cut with scalloped edges. Sleeveless for sexier cooler summer look!"
SLEEVE_STYLE,3 / 4 sleeve,long,"Description Soft collar and open neckline accents this easy care 3/4 sleeve poplin blouse. Tailored for a woman's curves, the fabric has a soft drape. Perfect for restaurants, hotels or resorts. Embroiders well. 65% Polyester/35% Cotton; 3.5/3.75 oz. wt., 3/4 sleeve blouse with open neck, Contoured side seams and two back darts, Narrow placket with matching buttons, Machine washable and wrinkle resistant, Women's size: XXS-3XL. Care Instructions Machine Wash Warm, Permanent Press, Only Non-Chlorine Bleach when Needed, Tumble Dry Medium, Permanent Press, Remove Promptly, Iron Medium if Needed, May be Dry Cleaned."
NECKLINE,collar,long,"Description Soft collar and open neckline accents this easy care 3/4 sleeve poplin blouse. Tailored for a woman's curves, the fabric has a soft drape. Perfect for restaurants, hotels or resorts. Embroiders well. 65% Polyester/35% Cotton; 3.5/3.75 oz. wt., 3/4 sleeve blouse with open neck, Contoured side seams and two back darts, Narrow placket with matching buttons, Machine washable and wrinkle resistant, Women's size: XXS-3XL. Care Instructions Machine Wash Warm, Permanent Press, Only Non-Chlorine Bleach when Needed, Tumble Dry Medium, Permanent Press, Remove Promptly, Iron Medium if Needed, May be Dry Cleaned."
LENGTH,knee length,long,"Pin tuck sleeveless, knee length sheath dress with batau neck-line."
PATTERN,floral,short,Miusol Women's Long Sleeves Floral Lace Classic Slim Bridesmaid Dress
LENGTH,long,long,Elegant herringbone button down shirt made with the best yarns for softness and durability. High end fabric finishing to ensure a long lasting luster and soft feel
NECKLINE,crew neck,long,Self-fabric binding to neck and armholes. Crew neck and sleeveless with an athletic fit
SLEEVE_STYLE,tank,long,"Are you a Daryl fan from The Walking Dead?? If so, you will absolutely love wearing this tank ""If Daryl Dies We Riot"" cover up tank."
LENGTH,long,long,"JUNIOR SIZES Small, Medium or Large. Racer Back Ribbed Layering Tank Top 27.5"" Long."
NECKLINE,mock neck,long,"FUN AND FUNCTIONAL: Sweatshirt includes a mock neck collar for extra warmth, two hand pockets with hidden zippers, an adjustable drawstring at the bottom, and elastic cuffs. Features bright accent colors with realistic camo print to make the experience all the more exciting."
NECKLINE,collar,long,"FUN AND FUNCTIONAL: Sweatshirt includes a mock neck collar for extra warmth, two hand pockets with hidden zippers, an adjustable drawstring at the bottom, and elastic cuffs. Features bright accent colors with realistic camo print to make the experience all the more exciting."
LENGTH,long,long,"Carhartt products are designed to last--Carhartt double stitches its pants pockets and triple stitches the pant's inseam, helping to ensure your pants will stand up to the most demanding work environments. And an extra layer of fabric where you need it most--in the knee area-helps to ensure long wear even if your job involves a lot of kneeling or squatting."
SLEEVE_STYLE,cap sleeves,long,Women's ClimaLite long-sleeve 2-in-1 tee. Great fit and fabric with contrast long sleeves that extend from underneath the cap sleeves. Front graphic is flat ink and iridescent foil. ClimaLite heat transfer on back neck.
NECKLINE,button down,long,The research collection chambray short sleeve woven is constructed of chambray featuring a button down chest pocket.
PATTERN,stripe,short,Perry Ellis Men's Short Sleeve Ombre Stripe Polo Shirt
PATTERN,plaid,long,A cute spring or summer dress for your baby or toddler girl from Bonnie Jean. This bright and cheery dress has a fun floral print and is trimmed in plaid at the bottom and sash at the waist that ties in the back.
SLEEVE_STYLE,long - sleeved,long,A classic long-sleeved bomber jacket with varsity-striped rib band trim is updated in a power mesh body and dressed up with multi-colored crystal embellished chest pocket.
PATTERN,paisley,short,"Button-front blouse in paisley with tacked, raglan short sleeves"
NECKLINE,collar,long,Rasco Flame Resistant Henley T Shirt Preshrunk 100% FR Cotton 100% preshrunk cotton 7.1oz FR knit Rib-knit collar and cuffs Three button placket front with FR buttons Left chest pocket 24/7 comfort
NECKLINE,spread collar,short,Striped polo shirt with solid spread collar and two-button placket
PATTERN,striped,short,Striped polo shirt with solid spread collar and two-button placket
NECKLINE,button - down,long,"Here is every lady's MUST-HAVE chiffon blouse! Stylish and Comfortable! It's easy to mix and match with any casual or formal bottoms from your closet, and you'll be the ""it"" girl at work, parties or just walking down the street! An essenticial blouse featuring a solf, comfy and lightweight chiffon fabric. Stylish sheer-stripe inset design at shoulder and sleeve. Classic button-down front closure. Full button placket. Standard collar with V-neckline. Long sleeves with buttoned cuffs. Darted bust. High low hemline with curved back hem. Straight silhouette. Relaxed, easy and loose fit. Lightweight. It's great for both day and evening occasions including working, parties, lounging, vacations, or just chilling with friends! This is the one item you can really wear ALL YEAR AROUND!"
NECKLINE,v - neckline,long,"Here is every lady's MUST-HAVE chiffon blouse! Stylish and Comfortable! It's easy to mix and match with any casual or formal bottoms from your closet, and you'll be the ""it"" girl at work, parties or just walking down the street! An essenticial blouse featuring a solf, comfy and lightweight chiffon fabric. Stylish sheer-stripe inset design at shoulder and sleeve. Classic button-down front closure. Full button placket. Standard collar with V-neckline. Long sleeves with buttoned cuffs. Darted bust. High low hemline with curved back hem. Straight silhouette. Relaxed, easy and loose fit. Lightweight. It's great for both day and evening occasions including working, parties, lounging, vacations, or just chilling with friends! This is the one item you can really wear ALL YEAR AROUND!"
PATTERN,stripe,long,"Here is every lady's MUST-HAVE chiffon blouse! Stylish and Comfortable! It's easy to mix and match with any casual or formal bottoms from your closet, and you'll be the ""it"" girl at work, parties or just walking down the street! An essenticial blouse featuring a solf, comfy and lightweight chiffon fabric. Stylish sheer-stripe inset design at shoulder and sleeve. Classic button-down front closure. Full button placket. Standard collar with V-neckline. Long sleeves with buttoned cuffs. Darted bust. High low hemline with curved back hem. Straight silhouette. Relaxed, easy and loose fit. Lightweight. It's great for both day and evening occasions including working, parties, lounging, vacations, or just chilling with friends! This is the one item you can really wear ALL YEAR AROUND!"
NECKLINE,collar,long,"Here is every lady's MUST-HAVE chiffon blouse! Stylish and Comfortable! It's easy to mix and match with any casual or formal bottoms from your closet, and you'll be the ""it"" girl at work, parties or just walking down the street! An essenticial blouse featuring a solf, comfy and lightweight chiffon fabric. Stylish sheer-stripe inset design at shoulder and sleeve. Classic button-down front closure. Full button placket. Standard collar with V-neckline. Long sleeves with buttoned cuffs. Darted bust. High low hemline with curved back hem. Straight silhouette. Relaxed, easy and loose fit. Lightweight. It's great for both day and evening occasions including working, parties, lounging, vacations, or just chilling with friends! This is the one item you can really wear ALL YEAR AROUND!"
NECKLINE,dress shirt,long,"Deluxe, brand name Leonardi paisley dress shirt. Uniquely designed shirt features a high collar. Long sleeve, French cuff (wear with cuff links). Beautiful, woven, jacquard fabric with sheen 100% polyester. MSRP $169."
NECKLINE,collar,long,"Deluxe, brand name Leonardi paisley dress shirt. Uniquely designed shirt features a high collar. Long sleeve, French cuff (wear with cuff links). Beautiful, woven, jacquard fabric with sheen 100% polyester. MSRP $169."
NECKLINE,dress shirt,long,"Lanbaosi Mens Anchor Rudder Print Long Sleeve Dress Shirt, Navy, US XS=Tag M"
NECKLINE,polo,long,"This stylish polo is the ultimate design for a layered look. Featuring a button-up style, striped pattern on the underlying collar and an a-symmetrical stripe across the back. You can wear this polo with any outfit, whether that be casual or for riding. Other features include the Equine Couture logo and embroidered Stars & Stripes patch, with a decorative pin on the right shoulder. 95% Cotton, 5% Spandex."
PATTERN,striped,long,"This stylish polo is the ultimate design for a layered look. Featuring a button-up style, striped pattern on the underlying collar and an a-symmetrical stripe across the back. You can wear this polo with any outfit, whether that be casual or for riding. Other features include the Equine Couture logo and embroidered Stars & Stripes patch, with a decorative pin on the right shoulder. 95% Cotton, 5% Spandex."
PATTERN,stripe,long,"This stylish polo is the ultimate design for a layered look. Featuring a button-up style, striped pattern on the underlying collar and an a-symmetrical stripe across the back. You can wear this polo with any outfit, whether that be casual or for riding. Other features include the Equine Couture logo and embroidered Stars & Stripes patch, with a decorative pin on the right shoulder. 95% Cotton, 5% Spandex."
PATTERN,stripes,long,"This stylish polo is the ultimate design for a layered look. Featuring a button-up style, striped pattern on the underlying collar and an a-symmetrical stripe across the back. You can wear this polo with any outfit, whether that be casual or for riding. Other features include the Equine Couture logo and embroidered Stars & Stripes patch, with a decorative pin on the right shoulder. 95% Cotton, 5% Spandex."
NECKLINE,collar,long,"This stylish polo is the ultimate design for a layered look. Featuring a button-up style, striped pattern on the underlying collar and an a-symmetrical stripe across the back. You can wear this polo with any outfit, whether that be casual or for riding. Other features include the Equine Couture logo and embroidered Stars & Stripes patch, with a decorative pin on the right shoulder. 95% Cotton, 5% Spandex."
LENGTH,long,short,WenHong Wowen's Span Solid Color Long Maxi Slit Skirt
NECKLINE,strapless,short,maxandcleo Women's Strapless Floor Length Dress
NECKLINE,crew neckline,short,Short-sleeve tee featuring screenprint and crew neckline
LENGTH,pencil,long,"Little Black Dress. An elegant pencil-dress style. Modern midi cut. A soft, comfy and stretchy faux leather fabric. Sheer mesh panel at shoulder and back."
PATTERN,camouflage,long,DUCK DYNASTY Men's Group Max 4 Camouflage Short Sleeve T-Shirt
SLEEVE_STYLE,tank,long,"Whether alone or layered under a shirt, this Men's Pure Combed Cotton Tank Top fits great and feels just right. This men's tank features slimmer athletic cut that delivers better mobility by eliminating the bulk of extra fabric."
PATTERN,stripes,short,Tank top in heathered stripes featuring solid patch pocket at chest
PATTERN,floral,long,Black sleeveless muscle style shirt with large KURT text in floral patterned letters printed on the front. Copyright 2014 The End of Music.
LENGTH,maxi dress,long,"Ladies Dolman Maxi Dress. This dress features a sexy v-neckline, dolman style sleeves that reach down to the waist, and a dramatic length that can be worn both casually or formally, Approximately 57"" in length, 95% Rayon, 5% Spandex."
NECKLINE,polo,short,U.S. Polo Assn. Boys' Chest Striped Bubble Jacket
NECKLINE,collar,long,"""20x20 100% Cotton Collar T-Shirt is Light in weight and soft. Casual Basic Collar long Sleeve T-Shit is Functional active wear. Perfect for Leisure wear or Daily Casual Wear. Flexible fabric does not stretch upon wear. Fast Drying, Breathable Fabric, Fits well with Comfort. "" Measurement(Inches) US XS(Asia S) size : Chest : 39 / Shoulder : 16 / Sleeve : 22 / Length : 26 US S(Asia M) size : Chest : 41.5 / Shoulder : 17 / Sleeve : 22.5 / Length : 26.5 US M(Asia L) size : Chest : 44 / Shoulder : 18 / Sleeve : 23 / Length : 27 US L(Asia XL) size : Chest : 46.5 / Shoulder : 19 / Sleeve : 23.5 / Length : 27.5 US XL(Asia XXL) size : Chest : 49 / Shoulder : 20 / Sleeve : 24 / Length : 28 US XL+(Asia 3XL) size : Chest : 51.5 / Shoulder : 21 / Sleeve : 24.5 / Length : 28.5 Color Disclaimer : Due to monitor settings, monitor pixel definitions, we cannot guarantee that the color you see on your screen as an exact color of the product. We strive to make our colors as accurate as possible; however, colors are approximations of actual colors. Sizes of our products differ from standard US sizes ***(X-Large to XXX-Large)."
NECKLINE,collar,long,"""20x20 100% Cotton Collar T-Shirt is Light in weight and soft. Casual Basic Collar long Sleeve T-Shit is Functional active wear. Perfect for Leisure wear or Daily Casual Wear. Flexible fabric does not stretch upon wear. Fast Drying, Breathable Fabric, Fits well with Comfort. "" Measurement(Inches) US XS(Asia S) size : Chest : 39 / Shoulder : 16 / Sleeve : 22 / Length : 26 US S(Asia M) size : Chest : 41.5 / Shoulder : 17 / Sleeve : 22.5 / Length : 26.5 US M(Asia L) size : Chest : 44 / Shoulder : 18 / Sleeve : 23 / Length : 27 US L(Asia XL) size : Chest : 46.5 / Shoulder : 19 / Sleeve : 23.5 / Length : 27.5 US XL(Asia XXL) size : Chest : 49 / Shoulder : 20 / Sleeve : 24 / Length : 28 US XL+(Asia 3XL) size : Chest : 51.5 / Shoulder : 21 / Sleeve : 24.5 / Length : 28.5 Color Disclaimer : Due to monitor settings, monitor pixel definitions, we cannot guarantee that the color you see on your screen as an exact color of the product. We strive to make our colors as accurate as possible; however, colors are approximations of actual colors. Sizes of our products differ from standard US sizes ***(X-Large to XXX-Large)."
PATTERN,stripe,long,A casual drop shoulder leads to an accent stripe and long sleeves that include thumb holes for the latest look in young fashion
SLEEVE_STYLE,sleeveless,long,"EZON-CH,a new clothing brand.Choose EZON-CH,make your life wonderful. Sultry leather takes action in this midi dress with a key-hole at back and curve hugging fit creating the perfect ravishing soiree look. The midi dress features a body-loving shape, faux leather bodice with sweetheart neckline and padded cups, sleeveless, front side slit and side zipper finished."
LENGTH,midi,long,"EZON-CH,a new clothing brand.Choose EZON-CH,make your life wonderful. Sultry leather takes action in this midi dress with a key-hole at back and curve hugging fit creating the perfect ravishing soiree look. The midi dress features a body-loving shape, faux leather bodice with sweetheart neckline and padded cups, sleeveless, front side slit and side zipper finished."
NECKLINE,sweetheart,long,"EZON-CH,a new clothing brand.Choose EZON-CH,make your life wonderful. Sultry leather takes action in this midi dress with a key-hole at back and curve hugging fit creating the perfect ravishing soiree look. The midi dress features a body-loving shape, faux leather bodice with sweetheart neckline and padded cups, sleeveless, front side slit and side zipper finished."
NECKLINE,crew - neck,long,Crew-neck T-shirt featuring long sleeves with thumbholes and interlock stitching at back
NECKLINE,collar,long,"This is a men's, white tuxedo shirt with a wing tip collar. Button cuffs can also use optional cuff links. This shirt is easy care permanent press, 35% cotton/65% polyester. Includes a black bow tie in the package. This is the perfect shirt for a prom, wedding, cruise, or any other formal event."
LENGTH,short,short,Young mens' fashion colorful spring woven plaid short.
NECKLINE,button - down,long,"This Workrite 220NX-45 long-sleeved red utility shirt has snap cuffs and a western-style yoke. It is made of 4.5-oz. flame-resistant fabric for safety and is 93% Nomex / 5% Kevlar / 2% antistatic fabric. It has two large, double-stitched chest pockets with snaps and a pencil slot on the left pocket. It has a fully finished button-down placket, a two-piece banded collar, and nickel-plated brass snaps on the front, pockets and cuffs. This utility shirt meets National Fire Protection Association (NFPA) 2112 certification for flash fire and is compliant with Hazard Risk Category (HRC) 1. It has an Arc Thermal Protective Value (ATPV) of 4.1. Made in USA and imported."
LENGTH,pencil,long,"This Workrite 220NX-45 long-sleeved red utility shirt has snap cuffs and a western-style yoke. It is made of 4.5-oz. flame-resistant fabric for safety and is 93% Nomex / 5% Kevlar / 2% antistatic fabric. It has two large, double-stitched chest pockets with snaps and a pencil slot on the left pocket. It has a fully finished button-down placket, a two-piece banded collar, and nickel-plated brass snaps on the front, pockets and cuffs. This utility shirt meets National Fire Protection Association (NFPA) 2112 certification for flash fire and is compliant with Hazard Risk Category (HRC) 1. It has an Arc Thermal Protective Value (ATPV) of 4.1. Made in USA and imported."
NECKLINE,collar,long,"This Workrite 220NX-45 long-sleeved red utility shirt has snap cuffs and a western-style yoke. It is made of 4.5-oz. flame-resistant fabric for safety and is 93% Nomex / 5% Kevlar / 2% antistatic fabric. It has two large, double-stitched chest pockets with snaps and a pencil slot on the left pocket. It has a fully finished button-down placket, a two-piece banded collar, and nickel-plated brass snaps on the front, pockets and cuffs. This utility shirt meets National Fire Protection Association (NFPA) 2112 certification for flash fire and is compliant with Hazard Risk Category (HRC) 1. It has an Arc Thermal Protective Value (ATPV) of 4.1. Made in USA and imported."
SLEEVE_STYLE,tank,long,"Made with 100% organic cotton that's been pre-washed for a soft, relaxed feel, the Manduka tank combines classic styling with daily durability. The contoured chest keeps this tank in place while you reach higher, twist deeper and hold longer."
LENGTH,midi,short,PurpleHanger Women's Tube Wiggle Pencil Midi Skirt Plus Size
NECKLINE,halter,short,Cut out and embroidered halter dress features an adjustable halter and bra cups
PATTERN,striped,long,Marvel Men's Deadpool with Striped Short Sleeve Graphic Crew Neck T-Shirt
NECKLINE,o neck,short,"O Neck,Sleeveless T Shirt"
LENGTH,short,long,Color :Beige Material :Polyester Style :Vintage Neckline :Off the Shoulder Sleeve Length :Long Sleeve Silhouette :Shift Dresses Length :Short Pattern Type :Plain
SLEEVE_STYLE,tank,long,"This glam prom dress features an all over glitter material and tank straps. The plunge neckline is so pretty and unique, and the shutter skirt ensures a fitted, flattering look. Pair with dangling silver earrings and pumps."
LENGTH,pencil,short,Sleeve: Short Sleeve Style: Pencil Dress Zipper: Back Zipper
NECKLINE,halter,long,A casual strapless midi tahiti dress featuring wooden bead embellishments by the halter straps.
NECKLINE,strapless,long,A casual strapless midi tahiti dress featuring wooden bead embellishments by the halter straps.
PATTERN,stripes,long,Short-sleeve dress in bold color-blocked stripes featuring vented tulip hem and exposed back zipper
PATTERN,flowers,long,"This beautiful floor length prom dress has embroidery flowers allove the bodice, sexy open back with crossback strap, empire waist and A-line skirt. Dress is fully lined with built in bra and come with matched shawl. Please check below measurement for this specific style. XS chest=33.5"" waist=25.5"" hip=36.5""; Small chest=35.5"" waist=27.5"" hip=38.5""; Medium chest=37.5"" waist=29.5"" hip=40.5'; Large chest=39.5"" waist=31.5"" hip=42.5""; XL chest=42.5"" waist=34.5"" hip=45.5""; XXL chest=45.5"" waist=35.5"" hip=48.5""; 3XL chest=49"" waist=41"" hip=52""."
NECKLINE,round neck,long,"Name Womens Batwing Sleeve Blouse Round Neck Solid Shirring Dolman Top Item Type Casual & Sexy Style Round Neck & Off shoulder Gender Women Material For Shirt Cotton Blend Color Black, White, Grey, Red, Blue,Purple Size Details(inches) Size S : Bust=30.3, Waist=25.2, Hip=31.4, Sleeve Length=35.4, Sleeve Width=13.4 Size M : Bust=32.2, Waist=27.1, Hip=33.4, Sleeve Length=39.3, Sleeve Width=13.8 Size L : Bust=34.2, Waist=29.1, Hip=35.4, Sleeve Length=39.7, Sleeve Width=14.1 Size XL :Bust=36.2, Waist=30.7, Hip=37.3, Sleeve Length=40.1, Sleeve Width=14.5 Sleeve Length Short Sleeve Pattern Loose Top, Round Neck Package Includes - 1 x Tunic Top Open Shoulder Tops are the perfect style for any season and occasion! its Style is Sexy and New but it is easy to care also Ready to show off your sexy shoulders in this warm summer days Do not wash and dry this tee or it will wrinkle, hang dry."
NECKLINE,round neck,long,"Name Womens Batwing Sleeve Blouse Round Neck Solid Shirring Dolman Top Item Type Casual & Sexy Style Round Neck & Off shoulder Gender Women Material For Shirt Cotton Blend Color Black, White, Grey, Red, Blue,Purple Size Details(inches) Size S : Bust=30.3, Waist=25.2, Hip=31.4, Sleeve Length=35.4, Sleeve Width=13.4 Size M : Bust=32.2, Waist=27.1, Hip=33.4, Sleeve Length=39.3, Sleeve Width=13.8 Size L : Bust=34.2, Waist=29.1, Hip=35.4, Sleeve Length=39.7, Sleeve Width=14.1 Size XL :Bust=36.2, Waist=30.7, Hip=37.3, Sleeve Length=40.1, Sleeve Width=14.5 Sleeve Length Short Sleeve Pattern Loose Top, Round Neck Package Includes - 1 x Tunic Top Open Shoulder Tops are the perfect style for any season and occasion! its Style is Sexy and New but it is easy to care also Ready to show off your sexy shoulders in this warm summer days Do not wash and dry this tee or it will wrinkle, hang dry."
LENGTH,long,long,Meaneor Women Long 3 4 Sleeve Solid Plus Size Maxi Long Evening Party Dress
LENGTH,long,long,Meaneor Women Long 3 4 Sleeve Solid Plus Size Maxi Long Evening Party Dress
PATTERN,stripe,long,Tie-dye stripe maxi dress featuring braided waist tie with tassels and beaded circle neckline
SLEEVE_STYLE,long sleeve,long,"Short Sleeves. Front Pouch Pockets. Hood. Zip Up. This top is perfect for the Fall and Winter seasons! The hood along with the zip up front are both elements that create a practical and comfortable look. Wear fully zipped for full coverage, or wear unzipped to show a blouse underneath! The pouch pockets are great for keeping your fingers warm! Layer over a long sleeve tee or knit sweater, and pair with boots and your favorite jeans for a cute and casual cool weather look! Wear to school, work, holiday get togethers, casual outtings, dates, movie nights, lounging around, and more! See how to save even more money by checking out our current ""Special Offers and Product Promotions"" located under the product image. This product is eligible for free shipping with Amazon Prime."
NECKLINE,button down,long,"Basic casual classic plaid printed short sleeve shirt. Relaxed fit, classic collar and center front button down closure."
NECKLINE,collar,long,"Basic casual classic plaid printed short sleeve shirt. Relaxed fit, classic collar and center front button down closure."
PATTERN,plaid,long,"Columbia Men's Silver Ridge Plaid Long Sleeve Shirt, Windswept Small Plaid, X-Large"
LENGTH,long,short,Hollywood Star Fashion Long Ribbed High Waisted Pencil Skirt
PATTERN,stripe,long,The spotty dotty short sleeve knit is constructed of cotton poly mock twist jersey featuring a contrasting stripe pattern with woven label on hem.
LENGTH,short,short,Dickies Men's 13 Inch Regular Fit Plaid Short Big
SLEEVE_STYLE,short sleeves,long,"This top features a butterfly-collar, flowy short sleeves, button down front, and a belted tie waist. Which will go great with a pair of boyfriend jeans and ankle booties for a day to night look."
LENGTH,ankle,long,"This top features a butterfly-collar, flowy short sleeves, button down front, and a belted tie waist. Which will go great with a pair of boyfriend jeans and ankle booties for a day to night look."
NECKLINE,collar,long,"This top features a butterfly-collar, flowy short sleeves, button down front, and a belted tie waist. Which will go great with a pair of boyfriend jeans and ankle booties for a day to night look."
NECKLINE,scoop neck,long,"This top features a scoop neck, long sleeves with slits, light weight stretch fabric, and a heather knit material. Which will go great with a faux fur vest, skinnies, and knee high boots for a look that will take you from day to night."
NECKLINE,collar,long,"Prestige 77 fabric: Wrinkle resistant. Quick-drying and moisture-wicking. Anti-odor capabilities that keep you fresh. Four-way stretch for an enhanced range of motion. Fold-down collar. Three-button placket. Short sleeves. TM logo embroidered at left chest. Straight hem with vented sides. 51% cotton, 40% polyester, 9% Lycra. Machine wash, tumble dry."
PATTERN,flower,long,Trippy Kitty: flower of life edition Juniors' X-Large Charcoal Graphic Tank Top
NECKLINE,scoop neck,short,Basic tank with scoop neck
SLEEVE_STYLE,sleeveless,long,"Womens a-line chiffon long dress, v-neck, sleeveless, v back, splicing see through mesh design, concealed zipper at back, floor-length"
SLEEVE_STYLE,tank top,long,X-Large Athletic Heather Adult Sweat Is Fat Crying Funny Workout Sleeveless Tank Top T-Shirt
LENGTH,knee length,long,"Polka dot printed, 3/4 sleeved length, knee length dress with belt."
NECKLINE,button down,short,Southpole Men's Short Sleeve Button Down Dress Shirt
LENGTH,short,short,Quiksilver Big Boys' Everyday Plaid Amphibian Short
LENGTH,maxi dress,long,"Seraphine?s Tropical Braided Maternity Maxi Dress works perfectly in every stage of pregnancy. The maxi length drapes to the floor in soft stretch jersey to allow plenty of room for your growing curves. Stylish braided detailing at the shoulders and empire waist emphasize your shape, ensuring a flattering fit before, during & after pregnancy. Featuring a bold tropical floral print in violet, blue and fiery orange, this maternity maxi dress is the perfect style to brighten up your look. 95% Viscose 5% Elastane"
PATTERN,plaid,long,"Volcom is a brand bred in the wild west. Share some of our heritage with the why factor plaid. This button up plaid shirt is anything but traditional with its asymmetrical back yoke, front shoulder drop and stone embroidery you will surely go the full eight seconds."
NECKLINE,sweetheart,long,"Slip into this little celebration of life and take the fiesta with you! This Hell Bunny dress is absolutely adorable with its sweet printed sugar skulls and flowers on a gorgeous turquoise background. Seams over the bust for shape, gathered front bodice, sweetheart neckline and wide shoulder straps that widen at the shoulder. Centre back seam zipper. The flared skirt hem sits mid-thigh. Flirty and fun! To avoid disappointment please check your measurements very carefully to ensure this garment will fit you. If in doubt please contact us with your measurements and we can advise you whether the item will fit you. Measurements: Tagged 2XL = ( Fits like US Women size 14) Chest 42"" Waist 36"" Hip Free; Tagged 3XL = ( Fits like US Women size 16) C44"" W38"" H Free; Tagged 4XL = ( Fits like US Women size 18) C46"" W40"" H Free"
PATTERN,flowers,long,"Slip into this little celebration of life and take the fiesta with you! This Hell Bunny dress is absolutely adorable with its sweet printed sugar skulls and flowers on a gorgeous turquoise background. Seams over the bust for shape, gathered front bodice, sweetheart neckline and wide shoulder straps that widen at the shoulder. Centre back seam zipper. The flared skirt hem sits mid-thigh. Flirty and fun! To avoid disappointment please check your measurements very carefully to ensure this garment will fit you. If in doubt please contact us with your measurements and we can advise you whether the item will fit you. Measurements: Tagged 2XL = ( Fits like US Women size 14) Chest 42"" Waist 36"" Hip Free; Tagged 3XL = ( Fits like US Women size 16) C44"" W38"" H Free; Tagged 4XL = ( Fits like US Women size 18) C46"" W40"" H Free"
